Bearing_ID,Timestamp,RMS,Std_Dev,Kurtosis,Skewness,Peak,Crest_Factor,Actual_RUL_hours,Predicted_RUL_hours,Health_Status,Recommended_Action
3,2003-10-22 12:44:13,0.131529002821625,0.092337914303686,0.4723294282523949,0.0181048891769933,0.6335,4.814562075054654,826.9286111111111,802.4139517227809,Healthy,Continue operation and routine monitoring
3,2003-10-22 13:04:13,0.131030181876984,0.0923537673301976,0.6061850612940387,-0.0136690730379044,0.664,5.059078180406403,826.5952777777778,759.1621712166982,Healthy,Continue operation and routine monitoring
3,2003-10-22 13:14:13,0.1319393885185519,0.0937525166007409,0.4476096297325218,0.0049355211642322,0.569,4.3131108740903485,826.4286111111111,806.9228946907074,Healthy,Continue operation and routine monitoring
3,2003-10-22 13:29:13,0.1323338610346893,0.0935649209181437,0.4362698272657301,0.0161921950575834,0.525,3.96816549865632,826.1786111111111,815.1866735519177,Healthy,Continue operation and routine monitoring
3,2003-10-22 13:59:13,0.1325683098623835,0.0948568273847086,0.4935332892978019,0.0179860298987753,0.6174999999999999,4.650477359458286,825.6786111111111,815.3198589059335,Healthy,Continue operation and routine monitoring
3,2003-10-22 14:14:13,0.1328061379796842,0.094990461195385,0.5587988802965211,-0.0137434205595017,0.582,4.381626674082097,825.4286111111111,800.704763604965,Healthy,Continue operation and routine monitoring
3,2003-10-22 14:44:13,0.1326649077423971,0.0951171308854152,0.6388193920295762,-0.0142165919906848,0.6995,5.270519344065699,824.9286111111111,820.4666264438115,Healthy,Continue operation and routine monitoring
3,2003-10-22 14:49:13,0.1323314861284233,0.0938686524105754,0.453983606317426,-0.0047691375468574,0.581,4.389170772262929,824.8452777777778,809.4825352788154,Healthy,Continue operation and routine monitoring
3,2003-10-22 15:44:13,0.1330227336331702,0.0946070544494932,0.5010049565886696,-0.0025357237498688,0.585,4.393476853008488,823.9286111111111,809.4598727726376,Healthy,Continue operation and routine monitoring
3,2003-10-22 15:54:13,0.1339893636436519,0.0961869890639979,0.60398160077597,-0.0367577550380882,0.7725,5.762045534460443,823.7619444444445,719.643779577423,Healthy,Continue operation and routine monitoring
3,2003-10-22 16:04:13,0.1321415810272185,0.0939347099727396,0.5078968135264206,-0.0018291742409999,0.563,4.260175497794105,823.5952777777778,807.5091994706629,Healthy,Continue operation and routine monitoring
3,2003-10-22 17:04:13,0.1324888505516014,0.094243331475967,0.5159946695105475,0.0069694004599263,0.5815,4.387968172018347,822.5952777777778,788.994457253432,Healthy,Continue operation and routine monitoring
3,2003-10-22 17:14:13,0.1323296623162894,0.0943824057472904,0.4806564917201803,0.0108198819720224,0.5545,4.188555389105369,822.4286111111111,808.5517864752724,Healthy,Continue operation and routine monitoring
3,2003-10-22 17:44:13,0.1323329321881849,0.0938693575432169,0.4984365280621798,0.012219149413945,0.5985,4.517153514824385,821.9286111111111,813.6619845749378,Healthy,Continue operation and routine monitoring
3,2003-10-22 18:34:13,0.132841425148689,0.095405305485243,0.6277633666956302,0.0055927203009087,0.6615,4.972201257887109,821.0952777777778,791.2598111628823,Healthy,Continue operation and routine monitoring
3,2003-10-22 18:54:13,0.1319304147268495,0.0942030996407357,0.5839381643074801,0.0257555641519042,0.6479999999999999,4.908273863131985,820.7619444444445,791.8302113062518,Healthy,Continue operation and routine monitoring
3,2003-10-22 19:54:13,0.131897762155295,0.0944356889627968,0.4549881499632378,-7.354796453610049e-05,0.5665,4.295006937050859,819.7619444444445,807.5318619768407,Healthy,Continue operation and routine monitoring
3,2003-10-22 20:04:13,0.1341030806231954,0.0964247820714825,0.7409223484204948,-0.0161209484950173,0.6995,5.217389344754823,819.5952777777778,531.3216079456372,Healthy,Continue operation and routine monitoring
3,2003-10-22 20:34:13,0.1336656963004215,0.0962375787231326,0.5522343290584701,0.0024765110525524,0.6140000000000001,4.587386387348134,819.0952777777778,765.1070379859989,Healthy,Continue operation and routine monitoring
3,2003-10-22 21:44:13,0.1338696841933966,0.0960335452036006,0.5279524935996587,-0.0126541700103908,0.6435,4.796814332264333,817.9286111111111,778.4429687607985,Healthy,Continue operation and routine monitoring
3,2003-10-22 22:24:13,0.1326347440197706,0.0948512658484005,0.4353060155444368,0.0099133896814163,0.6335,4.77939260419525,817.2619444444445,817.9935812646884,Healthy,Continue operation and routine monitoring
3,2003-10-22 23:54:13,0.1337576489683561,0.096233898172869,0.5663152798414071,0.0133665596016737,0.62,4.629299878635091,815.7619444444445,767.6298971236479,Healthy,Continue operation and routine monitoring
3,2003-10-23 00:14:13,0.1332905388254683,0.0960478782861387,0.5057838376523658,0.0251192099787341,0.599,4.487486810819699,815.4286111111111,813.9818501732659,Healthy,Continue operation and routine monitoring
3,2003-10-23 00:24:13,0.1331393334186258,0.0948829161307156,0.4758479094461951,0.0147012738729158,0.531,3.9865505625343607,815.2619444444445,803.2155973306119,Healthy,Continue operation and routine monitoring
3,2003-10-23 00:54:13,0.1329567786503269,0.0956104625444785,0.5061429399920712,0.0153421936763575,0.5515,4.149822984094964,814.7619444444445,810.4422042138908,Healthy,Continue operation and routine monitoring
3,2003-10-23 01:34:13,0.1322745030812209,0.0943370063055892,0.6020872173246945,0.0118707943456004,0.6054999999999999,4.576966456312412,814.0952777777778,792.9591628049753,Healthy,Continue operation and routine monitoring
3,2003-10-23 02:34:13,0.1345537033264697,0.0974332545959746,0.5978414802220977,-0.0276054079934649,0.631,4.686176994627937,813.0952777777778,434.5098604455517,Warning,Schedule bearing inspection and increase monitoring
3,2003-10-23 04:24:13,0.1318451575297189,0.0944974940090592,0.4628966833776717,0.0003198696894082,0.6094999999999999,4.622305462231626,811.2619444444445,813.5995632680912,Healthy,Continue operation and routine monitoring
3,2003-10-23 04:44:13,0.1328864913806663,0.0953493450030714,0.6468997711434605,-0.0095737165767507,0.687,5.163490469546447,810.9286111111111,819.8798314596269,Healthy,Continue operation and routine monitoring
3,2003-10-23 06:24:13,0.1341737133332436,0.0967020912667371,0.538215375524786,-0.0400397234463417,0.6545,4.873797955444384,809.2619444444445,444.5709234679535,Warning,Schedule bearing inspection and increase monitoring
3,2003-10-23 06:44:13,0.1335332188752145,0.0960932675374888,0.54796666105747,0.0226504691397133,0.6605,4.942414009554854,808.9286111111111,802.9592828925486,Healthy,Continue operation and routine monitoring
3,2003-10-23 07:34:13,0.1323695957591519,0.0942754388249588,0.5825988117010217,0.0260988267242289,0.5700000000000001,4.307802690994457,808.0952777777778,783.9112267407771,Healthy,Continue operation and routine monitoring
3,2003-10-23 08:24:13,0.1328128749266004,0.0950961372960716,0.4674124927782723,0.0373934092656078,0.5505,4.1418703798083145,807.2619444444445,813.6304197415292,Healthy,Continue operation and routine monitoring
3,2003-10-23 09:14:13,0.1324172713049517,0.0944580351865492,0.3454491998759985,0.017790002052103,0.504,3.806168003217485,806.4286111111111,814.5004029417845,Healthy,Continue operation and routine monitoring
3,2003-10-23 09:24:13,0.1344263473907292,0.096916704342319,0.5584897547810521,0.0171128541149343,0.6425,4.773675120696815,806.2619444444445,435.8322046636312,Warning,Schedule bearing inspection and increase monitoring
3,2003-10-23 09:34:13,0.1338928115708917,0.0964334406488085,0.3814081195455105,0.0082079929659439,0.5985,4.468806954975099,806.0952777777778,791.3075746598029,Healthy,Continue operation and routine monitoring
3,2003-10-23 09:44:13,0.1336965516682434,0.0961489402974103,0.3927473869934161,0.007999464562033,0.5920000000000001,4.422860610602076,805.9286111111111,795.8569392493206,Healthy,Continue operation and routine monitoring
3,2003-10-29 14:39:46,0.1606376248537655,0.1140354521075133,0.3850677298387148,0.0071193481783206,0.6825,4.246556247771358,657.0027777777777,620.7525131563867,Healthy,Continue operation and routine monitoring
3,2003-10-29 14:49:46,0.1592024150031143,0.1114197459697,0.4275290161919016,0.0084667291031167,0.6725,4.22302115057486,656.8361111111111,494.1041075062306,Warning,Schedule bearing inspection and increase monitoring
3,2003-10-29 16:19:46,0.1594016113629756,0.112230524576155,0.3667625447645619,0.040968539135358,0.6225,3.90432049774663,655.3361111111111,525.3615014258829,Healthy,Continue operation and routine monitoring
3,2003-10-29 16:59:46,0.160890239284105,0.1130375507401191,0.3333366410673133,-0.0147029165504824,0.7044999999999999,4.3783762277228,654.6694444444445,528.8804684934496,Healthy,Continue operation and routine monitoring
3,2003-10-29 17:39:46,0.1587723308411205,0.1111744491109111,0.3659934075660962,-0.0109583620642548,0.6565000000000001,4.1350641697641,654.0027777777777,479.0739669286598,Warning,Schedule bearing inspection and increase monitoring
3,2003-10-29 17:49:46,0.1614392094891147,0.1144240847053802,0.469335268550042,-0.0187207719107582,0.6715,4.15942448984332,653.8361111111111,494.5541112497309,Warning,Schedule bearing inspection and increase monitoring
3,2003-10-29 18:09:46,0.1599300731863435,0.1128871880168555,0.434206576027353,-0.0080353482337557,0.7335,4.58509961242812,653.5027777777777,588.409069000319,Healthy,Continue operation and routine monitoring
3,2003-10-29 18:29:46,0.1597479334927377,0.1120409027475783,0.5383076347710454,-0.0255409960201835,0.751,4.701216117999143,653.1694444444445,332.99583784952705,Warning,Schedule bearing inspection and increase monitoring
3,2003-10-29 19:09:46,0.1605566656329775,0.1137724056838698,0.6255687963689882,-0.0057125527057795,0.7595000000000001,4.734722808419769,652.5027777777777,343.5552235738484,Warning,Schedule bearing inspection and increase monitoring
3,2003-10-29 19:19:46,0.158717001089161,0.112255829160781,0.436534307406728,-0.0138054108241865,0.7130000000000001,4.491537543671417,652.3361111111111,510.8154317992618,Healthy,Continue operation and routine monitoring
3,2003-10-29 19:59:46,0.160886289359094,0.1131616935851938,0.53006648667118,0.0114623392738159,0.6910000000000001,4.298925889209386,651.6694444444445,307.0853803822117,Warning,Schedule bearing inspection and increase monitoring
3,2003-10-29 21:19:46,0.1606614179129425,0.1139878900918828,0.3734889451122836,0.0032370356546898,0.681,4.236963993703141,650.3361111111111,621.5288441327891,Healthy,Continue operation and routine monitoring
3,2003-10-29 22:49:46,0.1606785884476715,0.1142863295470945,0.3179124524746159,0.0053208348036243,0.6825,4.248795447964158,648.8361111111111,600.5764843893686,Healthy,Continue operation and routine monitoring
3,2003-10-29 23:49:46,0.159521807548182,0.1127953599951777,0.3195542379374778,0.0187593060277922,0.6045,3.789442530340772,647.8361111111111,584.9148202499699,Healthy,Continue operation and routine monitoring
3,2003-10-30 00:19:46,0.1620006807979067,0.1153201767795319,0.4588145247654613,0.0129725711122639,0.7444999999999999,4.6005952096195495,647.3361111111111,435.3757039302323,Warning,Schedule bearing inspection and increase monitoring
3,2003-10-30 00:49:46,0.1585147829408134,0.1108325521550455,0.3506200647016129,-0.0216614206118729,0.675,4.258556880728653,646.8361111111111,450.46361719374704,Warning,Schedule bearing inspection and increase monitoring
3,2003-10-30 01:19:46,0.1597797097277164,0.112661431753579,0.4192140450024186,0.0061053636256029,0.6555,4.101830328275666,646.3361111111111,571.626981540553,Healthy,Continue operation and routine monitoring
3,2003-10-30 02:29:46,0.1608109999712053,0.1137498340711168,0.406897908883482,-0.0085698277203907,0.6625000000000001,4.120468021677347,645.1694444444445,597.3535241581783,Healthy,Continue operation and routine monitoring
3,2003-10-30 02:49:46,0.1597184555806139,0.1134158715124783,0.3975326607803964,-0.0006959500731198,0.7315,4.578643733165215,644.8361111111111,648.6603270044608,Healthy,Continue operation and routine monitoring
3,2003-10-31 00:39:46,0.161085344912773,0.1143999215042762,0.3895786430214369,0.0003684978936105,0.6519999999999999,4.050164143854761,623.0027777777777,612.8496187499316,Healthy,Continue operation and routine monitoring
3,2003-10-31 00:49:46,0.1609423010594298,0.1151912350764739,0.3776491452413735,0.0371031228831639,0.643,3.994933099581755,622.8361111111111,623.461897503656,Healthy,Continue operation and routine monitoring
3,2003-10-31 00:59:46,0.1626236858590214,0.1161473237446021,0.4589964561903985,0.0248208932502935,0.6930000000000001,4.263202731572369,622.6694444444445,187.6081642959789,Warning,Schedule bearing inspection and increase monitoring
3,2003-10-31 02:49:46,0.1613150631443061,0.1149072951151602,0.4112301594293504,0.0261024867617747,0.597,3.6994009361001616,620.8361111111111,605.9340438315947,Healthy,Continue operation and routine monitoring
3,2003-10-31 03:19:46,0.160716916369326,0.1140728632335536,0.4229421327723519,0.0171342701215299,0.636,3.955185986443064,620.3361111111111,609.3440295769968,Healthy,Continue operation and routine monitoring
3,2003-10-31 03:39:46,0.1606460895909979,0.1138941247252686,0.4187246740697056,-0.0135415999154478,0.693,4.314471486659195,620.0027777777777,608.4238942081197,Healthy,Continue operation and routine monitoring
3,2003-10-31 04:49:46,0.161345838722588,0.1146239232286004,0.5078368305458005,-0.0068575847528553,0.719,4.455256313147486,618.8361111111111,462.8304539322575,Warning,Schedule bearing inspection and increase monitoring
3,2003-10-31 05:19:46,0.1618916044569574,0.1157842553012848,0.6250151637743604,-0.0226317664752829,0.7065,4.362398611955795,618.3361111111111,288.89421387219886,Warning,Schedule bearing inspection and increase monitoring
3,2003-10-31 05:59:46,0.1612141178518802,0.1135734760475674,0.525314288462986,-0.0028266694336066,0.6825,4.233091616730787,617.6694444444445,303.7072531849866,Warning,Schedule bearing inspection and increase monitoring
3,2003-10-31 06:39:46,0.1617133621145834,0.1151618439479249,0.5594605201027782,-0.007212180786705,0.7875,4.871500191560633,617.0027777777777,287.196210928029,Warning,Schedule bearing inspection and increase monitoring
3,2003-10-31 07:29:46,0.1614741120525491,0.1137922047960245,0.413478767860348,0.0320929827518673,0.6885,4.259507419235286,616.1694444444445,571.7231192194824,Healthy,Continue operation and routine monitoring
3,2003-10-31 08:49:46,0.1612859614595577,0.1146653424833491,0.490885932783865,0.0047913758173064,0.6699999999999999,4.155435614106408,614.8361111111111,455.3697794540501,Warning,Schedule bearing inspection and increase monitoring
3,2003-10-31 09:19:46,0.1609721376204524,0.1140374577544247,0.6001903433465352,-0.0332045353725172,0.7290000000000001,4.526394143062602,614.3361111111111,301.60958923551146,Warning,Schedule bearing inspection and increase monitoring
3,2003-10-31 09:29:46,0.1624406746517072,0.1154487791509931,0.4541310070472237,0.0033733476709774,0.743,4.577518189526524,614.1694444444445,376.4349989976254,Warning,Schedule bearing inspection and increase monitoring
3,2003-10-31 12:05:51,0.1614424098806263,0.1148308287212903,0.5658133421662923,0.0011045801644182,0.6615,4.096099684240919,611.5680555555556,329.4975265536396,Warning,Schedule bearing inspection and increase monitoring
3,2003-10-31 12:11:44,0.1619684216097786,0.1140451949092024,0.4404536332321238,-0.0158748303371293,0.791,4.884218065558789,611.47,537.5872953425679,Healthy,Continue operation and routine monitoring
3,2003-10-31 12:21:44,0.1621489958964633,0.1148265208416337,0.3697071645237706,0.0158740697805259,0.6445000000000001,3.97299673642174,611.3033333333333,552.4824990066373,Healthy,Continue operation and routine monitoring
3,2003-10-31 13:31:44,0.1597055657147209,0.1116710331181017,0.3398711755329953,0.0021980303914756,0.669,4.189884398694122,610.1366666666667,512.1193290662752,Healthy,Continue operation and routine monitoring
3,2003-10-31 14:01:44,0.1609719971255253,0.1136682478563227,0.4357658750015771,-0.0318247622960192,0.7715000000000001,4.799831412321852,609.6366666666667,607.6212048396001,Healthy,Continue operation and routine monitoring
3,2003-10-31 14:11:44,0.1615472434452945,0.114180236970579,0.5367152141023397,0.0250014770112495,0.7875,4.872075264986063,609.47,260.1989511697255,Warning,Schedule bearing inspection and increase monitoring
3,2003-10-31 15:01:44,0.1621619139919797,0.1154568628217046,0.456268442209768,0.0096959788312063,0.7275,4.483005775859873,608.6366666666667,405.0919499794111,Warning,Schedule bearing inspection and increase monitoring
3,2003-10-31 15:11:44,0.1618540975782091,0.1131340480834921,0.4226139412237788,-0.0013010781512795,0.653,4.030242719070785,608.47,555.3127768998233,Healthy,Continue operation and routine monitoring
3,2003-10-31 15:41:44,0.1615911926592882,0.1132529410812508,0.4311727140781665,0.0039488096698632,0.7224999999999999,4.473142799080951,607.97,556.5410555604407,Healthy,Continue operation and routine monitoring
3,2003-10-31 16:11:44,0.1620641731797526,0.114383226721542,0.4776300247111167,-0.0005382582988931,0.6875,4.249012600530443,607.47,396.2527249104631,Warning,Schedule bearing inspection and increase monitoring
3,2003-10-31 16:21:44,0.1615654296795051,0.114331787039943,0.4248119653249842,0.006129855177934,0.674,4.173791694277147,607.3033333333333,562.7945054745936,Healthy,Continue operation and routine monitoring
3,2003-10-31 16:51:44,0.1616698674060167,0.1143896864586638,0.4076664898499508,0.0109322934763008,0.657,4.060035694774081,606.8033333333333,582.5336325025149,Healthy,Continue operation and routine monitoring
3,2003-10-31 17:41:44,0.1618948211376743,0.113530971103082,0.3419441097492111,0.0042118420490716,0.64,3.953723106031962,605.97,589.0690212274685,Healthy,Continue operation and routine monitoring
3,2003-10-31 18:01:44,0.1619666320941113,0.1149705426712363,0.4529903860185627,-0.0102015430683151,0.632,3.899721400014683,605.6366666666667,463.0525715337325,Warning,Schedule bearing inspection and increase monitoring
3,2003-10-31 21:11:44,0.1640033582341819,0.1168901237757352,0.3873888172013378,-0.0144227509555899,0.675,4.117145614972267,602.47,185.44338050685224,Warning,Schedule bearing inspection and increase monitoring
3,2003-10-31 21:41:44,0.1622034429407688,0.1139173938074576,0.5452806867840305,-0.0100693758424683,0.769,4.73945794880873,601.97,236.61426856870332,Warning,Schedule bearing inspection and increase monitoring
3,2003-10-31 22:21:44,0.1610122968348941,0.1134197491565941,0.5898552831680615,-0.0281729291716519,0.7995,4.969577464121196,601.3033333333333,283.1039183516079,Warning,Schedule bearing inspection and increase monitoring
3,2003-10-31 23:41:44,0.1617475152300984,0.1135235304753091,0.3847057308666282,-4.9557180061250185e-05,0.6825,4.223519333875087,599.97,561.3211682297926,Healthy,Continue operation and routine monitoring
3,2003-11-01 00:31:44,0.161218238259265,0.1132401892942119,0.6567293004911168,-0.0300419626500108,0.9115,5.646803824571332,599.1366666666667,258.1280545968758,Warning,Schedule bearing inspection and increase monitoring
3,2003-11-01 01:21:44,0.1616159799243671,0.1141028487345463,0.5121856214413198,-0.0515754265164824,0.7749999999999999,4.797506052226401,598.3033333333333,444.8620073682254,Warning,Schedule bearing inspection and increase monitoring
3,2003-11-01 04:11:44,0.1609435393928182,0.1129204733021779,0.6887116550220029,-0.0165781028863874,0.7384999999999999,4.592074215668763,595.47,292.68192792964,Warning,Schedule bearing inspection and increase monitoring
3,2003-11-01 05:41:44,0.1623870250504042,0.1147171624689255,0.4913640922403284,-0.0022967990392221,0.708,4.359537342038427,593.97,370.1737663703197,Warning,Schedule bearing inspection and increase monitoring
3,2003-11-01 06:41:44,0.1614893426040108,0.1136240713664742,0.437551987641201,0.003897392238242,0.712,4.407165742746408,592.97,558.8951442514071,Healthy,Continue operation and routine monitoring
3,2003-11-01 07:01:44,0.1604517158694733,0.1130311753106585,0.4873797706808114,-0.0075148755238163,0.6970000000000001,4.346429939641145,592.6366666666667,463.4329334280712,Warning,Schedule bearing inspection and increase monitoring
3,2003-11-01 07:41:44,0.1615031744840062,0.1137023914924804,0.4003110266892333,0.0074132459313217,0.6935,4.2954377969134825,591.97,568.1198701490961,Healthy,Continue operation and routine monitoring
3,2003-11-01 08:01:44,0.1619296176694562,0.1153317014996859,0.8061015982345761,0.0124703760138678,0.9225,5.701926104048901,591.6366666666667,224.51458245385172,Warning,Schedule bearing inspection and increase monitoring
3,2003-11-01 10:41:44,0.1599551048417631,0.1112410913483317,0.6252837878304587,-0.0214354092829094,0.7835000000000001,4.898713832638813,588.97,279.22692448915865,Warning,Schedule bearing inspection and increase monitoring
3,2003-11-01 11:21:44,0.1600944115613602,0.1123918966713159,0.3921768547685476,0.012263449452023,0.635,3.966618230574107,588.3033333333333,512.1952299867678,Healthy,Continue operation and routine monitoring
3,2003-11-01 11:41:44,0.1606611324835783,0.1120944379969456,0.39352041720707,-0.0269852601910609,0.6555,4.084626297393313,587.97,505.0978718066996,Healthy,Continue operation and routine monitoring
3,2003-11-01 12:51:44,0.160235061542642,0.1127172227528512,0.47447482414835,-0.0035720659062953,0.6725,4.194324716080606,586.8033333333333,480.4658208580117,Warning,Schedule bearing inspection and increase monitoring
3,2003-11-01 14:51:44,0.1599532586071594,0.1121282098525714,0.4670555550045474,0.0039035345021925,0.7165,4.4777289715685535,584.8033333333333,450.07324333965033,Warning,Schedule bearing inspection and increase monitoring
3,2003-11-01 15:31:44,0.1602221048918896,0.1124512316221326,0.3991659649569541,-0.024712552998895,0.663,4.135051763832048,584.1366666666667,497.8351897591656,Warning,Schedule bearing inspection and increase monitoring
3,2003-11-01 15:51:44,0.1611885873100892,0.1139790400816785,0.4913863627265693,0.0064693114440998,0.714,4.426241156391672,583.8033333333333,442.96067808281134,Warning,Schedule bearing inspection and increase monitoring
3,2003-11-01 16:11:44,0.1621227454537996,0.113894819599296,0.4836169730621582,-0.0247422519072396,0.742,4.571682537041574,583.47,392.2827002180753,Warning,Schedule bearing inspection and increase monitoring
3,2003-11-01 16:41:44,0.1630428633122548,0.1150996678160334,0.4928578902769105,0.0123561428490613,0.7255,4.446722823452321,582.97,184.6945142289352,Warning,Schedule bearing inspection and increase monitoring
3,2003-11-01 17:11:44,0.1624764186198455,0.114452505346852,0.5127127359832291,0.0165087547986504,0.687,4.22606509903536,582.47,353.96051352167586,Warning,Schedule bearing inspection and increase monitoring
3,2003-11-01 19:41:44,0.1615403286527653,0.1126844315071446,0.493093855656401,0.005205975746091,0.726,4.504383017077171,579.97,376.2476035615927,Warning,Schedule bearing inspection and increase monitoring
3,2003-11-01 20:21:44,0.1602483558342914,0.1127205414464995,0.4281852558708761,-0.018923403317322,0.8105,5.058401529633096,579.3033333333333,640.8616292062613,Healthy,Continue operation and routine monitoring
3,2003-11-01 21:01:44,0.1601673944130649,0.1128987093346468,0.5806838941643262,0.0221977471840187,0.7835000000000001,4.891905875833869,578.6366666666667,352.1447300761937,Warning,Schedule bearing inspection and increase monitoring
3,2003-11-01 21:11:44,0.1608690839876896,0.1131415795463709,0.6550054417431002,-0.010378869845951,0.7675,4.774363001691504,578.47,296.51367344152044,Warning,Schedule bearing inspection and increase monitoring
3,2003-11-01 21:31:44,0.1608316183178489,0.1134538864477595,0.4738649462707855,-0.0141008156229835,0.758,4.7162351522991806,578.1366666666667,529.9188304883314,Healthy,Continue operation and routine monitoring
3,2003-11-01 22:11:44,0.1623967833014616,0.1144909319810745,0.4778363720870671,0.0138512220423145,0.7145,4.404596846003875,577.47,356.6832979572974,Warning,Schedule bearing inspection and increase monitoring
3,2003-11-01 22:51:44,0.1612570607534381,0.1144922899577412,0.4012427532638705,0.012305176331045,0.6925,4.289154475216022,576.8033333333333,590.0920858970288,Healthy,Continue operation and routine monitoring
3,2003-11-01 23:01:44,0.1613067904806963,0.1143231182235197,0.452156358836319,-0.0153446483874291,0.7545,4.673410843013359,576.6366666666667,493.1745425141888,Warning,Schedule bearing inspection and increase monitoring
3,2003-11-01 23:51:44,0.1601421504535405,0.1127055140060335,0.4887964653114214,-0.0083817942521205,0.8385,5.240277979355131,575.8033333333333,547.1983066749915,Healthy,Continue operation and routine monitoring
3,2003-11-03 12:21:44,0.1592124139220542,0.1107914600028082,0.3440793912640931,0.0021751337048141,0.6295,3.951202667559032,539.3033333333333,442.8966896144832,Warning,Schedule bearing inspection and increase monitoring
3,2003-11-03 12:51:44,0.1600829388988427,0.112113157559556,0.4336139531534064,0.0082195415681162,0.6825,4.257461051828154,538.8033333333333,495.4663510404951,Warning,Schedule bearing inspection and increase monitoring
3,2003-11-03 13:31:44,0.1596706655181204,0.1100171468307574,0.3402369651035772,-0.0119562935566168,0.675,4.227761187749721,538.1366666666667,429.0227599527066,Warning,Schedule bearing inspection and increase monitoring
3,2003-11-03 14:11:44,0.1602672208685145,0.1128623359424646,0.4748987123406369,-0.0084047062825919,0.7955,4.966581421420388,537.47,512.9809010445593,Healthy,Continue operation and routine monitoring
3,2003-11-07 15:31:44,0.1609654496776333,0.1133189954662177,0.5829865578619464,0.0138397048991933,0.869,5.396908542696727,440.13666666666666,296.6394960784068,Warning,Schedule bearing inspection and increase monitoring
3,2003-11-07 16:41:44,0.1597003271894293,0.1126958046599195,0.6867597563946797,-0.0294049734833683,0.8725,5.465313908014522,438.97,352.1249510792237,Warning,Schedule bearing inspection and increase monitoring
3,2003-11-07 17:21:44,0.1609543821718471,0.1121138428062514,0.4378905350810445,0.0038067937116334,0.6545000000000001,4.065904555481699,438.3033333333333,451.66222972518943,Warning,Schedule bearing inspection and increase monitoring
3,2003-11-07 18:21:44,0.1608154120622476,0.1118965530401084,0.5368288363523175,0.000270937755178,0.719,4.465562391803428,437.3033333333333,297.592693166719,Warning,Schedule bearing inspection and increase monitoring
3,2003-11-07 18:51:44,0.160284279537499,0.1115199964627686,0.603935748714457,0.0055583519681269,0.6910000000000001,4.314684991329358,436.8033333333333,328.35023271374365,Warning,Schedule bearing inspection and increase monitoring
3,2003-11-07 19:31:44,0.159016226801874,0.1111274058315022,0.5893034198794491,-0.0290599769555508,0.897,5.644891058771972,436.13666666666666,311.9507313820752,Warning,Schedule bearing inspection and increase monitoring
3,2003-11-07 20:51:44,0.1603957723079697,0.1119751751114435,0.5773506201920575,0.020791260855671,0.8434999999999999,5.257588210599044,434.8033333333333,322.9179965684505,Warning,Schedule bearing inspection and increase monitoring
3,2003-11-07 22:11:44,0.1595978355873576,0.1114338770476626,0.4256904902219047,0.0162180901921733,0.675,4.22853180857029,433.47,491.32136994369887,Warning,Schedule bearing inspection and increase monitoring
3,2003-11-08 10:31:44,0.1613106611734071,0.1122944357440311,0.4382826202037833,0.0207455842857673,0.652,4.043024673230176,421.13666666666666,444.6338058026624,Warning,Schedule bearing inspection and increase monitoring
3,2003-11-08 11:21:44,0.1605799103973529,0.1125370365613584,0.4780183740940054,-0.0013731348135189,0.743,4.628725700552399,420.3033333333333,458.6497900964032,Warning,Schedule bearing inspection and increase monitoring
3,2003-11-08 11:41:44,0.1603498098813954,0.1115830627074253,0.5100549171106503,0.0040230652286279,0.79,4.927650747337967,419.97,458.2010855050861,Warning,Schedule bearing inspection and increase monitoring
3,2003-11-08 12:01:44,0.1588743148103554,0.1111012698876759,0.4677018269232296,-0.0092306409046312,0.7264999999999999,4.574092629067211,419.63666666666666,421.769481940766,Warning,Schedule bearing inspection and increase monitoring
3,2003-11-08 12:11:44,0.1592993435893216,0.1114667711292596,0.5038209618483374,-0.0353537350165828,0.7825,4.906059450101335,419.47,487.4090618288925,Warning,Schedule bearing inspection and increase monitoring
3,2003-11-08 12:41:44,0.158741932488995,0.109790886307282,0.5125122409302934,0.0035187677685063,0.78,4.908198359182779,418.97,429.5354328483536,Warning,Schedule bearing inspection and increase monitoring
3,2003-11-08 13:11:44,0.1597486190870521,0.1124080332298284,0.6178597236289554,-0.0037804609056186,0.757,4.737429022334698,418.47,338.0913972418989,Warning,Schedule bearing inspection and increase monitoring
3,2003-11-08 15:21:44,0.1581383328212116,0.1100692407692513,0.3626678070051461,0.0187448474777719,0.603,3.8111701264074855,416.3033333333333,422.1404007808056,Warning,Schedule bearing inspection and increase monitoring
3,2003-11-08 15:41:44,0.1600821882282016,0.1120938206813893,0.6001368171621879,-0.0043863580221419,0.6885,4.300247638589651,415.97,330.53722094559464,Warning,Schedule bearing inspection and increase monitoring
3,2003-11-08 15:51:44,0.1585778521628702,0.1107142438964197,0.5321031080036209,0.0191352120672655,0.758,4.781497832808819,415.8033333333333,321.8321887899476,Warning,Schedule bearing inspection and increase monitoring
3,2003-11-08 16:41:44,0.1584018366310384,0.1100064442638587,0.4801777563541418,0.021075875489039,0.724,4.57371445691716,414.97,412.7350769282653,Warning,Schedule bearing inspection and increase monitoring
3,2003-11-08 19:21:44,0.1581758229722644,0.111080204111295,0.4477392770360064,-0.003345682404803,0.654,4.133981335299751,412.3033333333333,391.2561342334282,Warning,Schedule bearing inspection and increase monitoring
3,2003-11-08 19:31:44,0.1603506043221618,0.1118577232285502,0.4887678965182382,-0.0153787688483248,0.7645,4.772134211128803,412.13666666666666,473.2108377986283,Warning,Schedule bearing inspection and increase monitoring
3,2003-11-08 20:11:44,0.1602444987194008,0.1125593106571764,0.4703011573926883,-0.0004004325903833,0.687,4.288593586160459,411.47,407.8401136791417,Warning,Schedule bearing inspection and increase monitoring
3,2003-11-08 20:41:44,0.1595997578730852,0.1118802829624933,0.6207271619707111,-0.005060743575912,0.8089999999999999,5.068448463082289,410.97,330.06932220870056,Warning,Schedule bearing inspection and increase monitoring
3,2003-11-08 21:31:44,0.1596013727621898,0.1114726991209709,0.4108283733703252,0.0183014060485634,0.668,4.192879843247956,410.13666666666666,495.7528673497229,Warning,Schedule bearing inspection and increase monitoring
3,2003-11-09 00:01:44,0.1595252589295715,0.111231113851911,0.4027955135687484,-0.0056300347088071,0.668,4.188860656497145,407.63666666666666,476.1861415072652,Warning,Schedule bearing inspection and increase monitoring
3,2003-11-09 01:01:44,0.1588679480198021,0.1110360701170343,0.8797918851739424,-0.0090343203738956,0.897,5.660013589661292,406.63666666666666,262.2369349532459,Warning,Schedule bearing inspection and increase monitoring
3,2003-11-09 01:41:44,0.1595448458423454,0.1115979366627452,0.4718113441405747,-0.0134918199265415,0.7945,4.979514780486015,405.97,488.670188932996,Warning,Schedule bearing inspection and increase monitoring
3,2003-11-09 02:01:44,0.1595803600436927,0.112052695079259,0.5431049380302095,0.0183310611094651,0.6835,4.286562644000211,405.63666666666666,352.74366306539736,Warning,Schedule bearing inspection and increase monitoring
3,2003-11-09 02:11:44,0.159959286793836,0.1123692078816637,0.4001971744855119,0.0181828763798297,0.6985,4.365698588076407,405.47,508.7701506815482,Healthy,Continue operation and routine monitoring
3,2003-11-09 03:21:44,0.1594793420492734,0.1118522208805365,0.4410629392851983,0.0075744072836664,0.6910000000000001,4.330326778018923,404.3033333333333,500.2905837446624,Healthy,Continue operation and routine monitoring
3,2003-11-09 03:31:44,0.1593081595862873,0.1110406419663345,0.4345289358557751,0.010799081285748,0.748,4.693054862812831,404.13666666666666,497.5616968275074,Warning,Schedule bearing inspection and increase monitoring
3,2003-11-09 03:51:44,0.1591260769241084,0.1107077965882701,0.4706591832173181,-0.0081124125026612,0.773,4.861819043446268,403.8033333333333,465.4174964443022,Warning,Schedule bearing inspection and increase monitoring
3,2003-11-09 05:51:44,0.1596024198537718,0.1120053031762879,0.5909883735021821,0.0356055706896634,0.724,4.533775699572022,401.8033333333333,329.5782961175335,Warning,Schedule bearing inspection and increase monitoring
3,2003-11-09 08:01:44,0.1601218795989936,0.1125736663655417,0.4767072826982894,0.006783507573861,0.7130000000000001,4.450688019809604,399.63666666666666,479.3389226580327,Warning,Schedule bearing inspection and increase monitoring
3,2003-11-09 08:20:39,0.161216038531969,0.1137164823780942,0.5735951758121323,-0.0001604050693304,0.725,4.500738646959284,399.32138888888886,292.3448606462827,Warning,Schedule bearing inspection and increase monitoring
3,2003-11-09 08:25:58,0.1597488851568271,0.1115698279987494,0.4451930742814685,0.008779918474345,0.736,4.608829226735763,399.23277777777776,459.60857972272,Warning,Schedule bearing inspection and increase monitoring
3,2003-11-09 10:05:58,0.1606720813876834,0.1126576040296732,0.4892683300040787,-0.0044709558473377,0.7444999999999999,4.6337753843386045,397.5661111111111,453.3686157594824,Warning,Schedule bearing inspection and increase monitoring
3,2003-11-09 10:25:58,0.1583998888857579,0.1102299350221247,0.3818684145557098,0.0016921047181135,0.6545000000000001,4.131856502874303,397.23277777777776,448.4840252607714,Warning,Schedule bearing inspection and increase monitoring
3,2003-11-09 10:35:58,0.1598047261085665,0.1119089340136124,0.544333365863152,0.0105242139804089,0.7015,4.391394463689576,397.0661111111111,337.0590379749611,Warning,Schedule bearing inspection and increase monitoring
3,2003-11-09 10:55:58,0.1597743430713265,0.1122864217599363,0.5450498181535239,-0.0121510545061969,0.6645000000000001,4.159842253808296,396.73277777777776,338.7137322604185,Warning,Schedule bearing inspection and increase monitoring
3,2003-11-09 12:15:58,0.1623478182113167,0.1134366241841995,0.5886572121717306,-0.0141900124360469,0.791,4.875169457443023,395.3994444444445,220.25400621486813,Warning,Schedule bearing inspection and increase monitoring
3,2003-11-09 12:35:58,0.1598330105843125,0.1121850019105605,0.4872100856062311,-0.0034749412889977,0.7484999999999999,4.681198651904374,395.0661111111111,481.54737622011936,Warning,Schedule bearing inspection and increase monitoring
3,2003-11-09 13:25:58,0.1592802064167984,0.1114666389262402,0.557006903307222,0.0349377283745134,0.624,3.9207581472469206,394.23277777777776,359.8891772676503,Warning,Schedule bearing inspection and increase monitoring
3,2003-11-09 14:05:58,0.1605611079641439,0.1121863056323745,0.5470496249070955,-0.0072310365249851,0.6775,4.21734635424046,393.5661111111111,339.6404590508462,Warning,Schedule bearing inspection and increase monitoring
3,2003-11-09 14:45:58,0.1594744668425617,0.1102720923849214,0.5483205453080784,0.0009883054645706,0.6775,4.246460786176564,392.8994444444445,319.8330434336518,Warning,Schedule bearing inspection and increase monitoring
3,2003-11-09 15:35:58,0.1607786467144901,0.1125502402722208,0.6111787896794725,-0.0022953936116233,0.8285,5.154621054956044,392.0661111111111,282.3868789882171,Warning,Schedule bearing inspection and increase monitoring
3,2003-11-09 17:35:58,0.1606491100297218,0.11231707519435,0.386648414053941,0.013104908830303,0.708,4.409145100988486,390.0661111111111,490.2859704978085,Warning,Schedule bearing inspection and increase monitoring
3,2003-11-09 22:55:58,0.1589540638229818,0.1108143102322994,0.5016834291617924,-0.0128746490324462,0.7545,4.752322614456676,384.73277777777776,453.855851265432,Warning,Schedule bearing inspection and increase monitoring
3,2003-11-09 23:25:58,0.1600294717443202,0.1125340072278374,0.5003972833883836,0.0010721034248086,0.6705,4.186068553978341,384.23277777777776,401.5661849622375,Warning,Schedule bearing inspection and increase monitoring
3,2003-11-10 00:05:58,0.1601460189434023,0.1115396978153568,0.4518087388138383,0.0162984562001146,0.7264999999999999,4.534509861059819,383.5661111111111,442.6267662168923,Warning,Schedule bearing inspection and increase monitoring
3,2003-11-10 00:45:58,0.161316095186824,0.1134079897048403,0.5467262439605294,0.0027521842404708,0.7555000000000001,4.683221760605015,382.8994444444445,266.2201046952735,Warning,Schedule bearing inspection and increase monitoring
3,2003-11-10 01:05:58,0.159905144074494,0.1120832325146321,0.5259718282799648,-0.01049115409652,0.7555000000000001,4.726355528113277,382.5661111111111,340.47082082445786,Warning,Schedule bearing inspection and increase monitoring
3,2003-11-10 01:25:58,0.161238022984777,0.1138904923517374,0.7136955858579201,-0.0363691472033996,0.8639999999999999,5.367484359068529,382.23277777777776,244.08931921977015,Warning,Schedule bearing inspection and increase monitoring
3,2003-11-10 01:35:58,0.1585364179777154,0.1097021098884616,0.4390062472975211,0.0165397462393788,0.6359999999999999,4.007917244018093,382.0661111111111,449.14551550675696,Warning,Schedule bearing inspection and increase monitoring
3,2003-11-10 02:15:58,0.1583654289373469,0.1106957134420046,0.3340759784247016,0.0268035074919273,0.5945,3.7531849424729904,381.3994444444445,435.9561715782946,Warning,Schedule bearing inspection and increase monitoring
3,2003-11-10 02:35:58,0.1591067793751873,0.1119086730743016,0.5690135526577933,0.0301495042573864,0.679,4.272306141173938,381.0661111111111,359.2760331621082,Warning,Schedule bearing inspection and increase monitoring
3,2003-11-10 02:45:58,0.1598570312332712,0.1117868070255037,0.5422822824845206,-0.0094349428847547,0.6234999999999999,3.900221116000641,380.8994444444445,340.3506915929043,Warning,Schedule bearing inspection and increase monitoring
3,2003-11-10 02:55:58,0.1602266558402907,0.1135659648130934,0.6824882862485999,-0.0305109276004359,0.8215,5.125783856703009,380.73277777777776,362.766830995308,Warning,Schedule bearing inspection and increase monitoring
3,2003-11-10 05:55:58,0.159292734957577,0.1114578858503906,0.4663687367641329,0.0236114338841931,0.685,4.300498145459811,377.73277777777776,440.3963739197122,Warning,Schedule bearing inspection and increase monitoring
3,2003-11-10 06:15:58,0.1606457732536021,0.1135736107096605,0.7601384087032643,0.0295465409653681,0.712,4.43466031614413,377.3994444444445,324.2005372330147,Warning,Schedule bearing inspection and increase monitoring
3,2003-11-10 07:25:58,0.161427420012221,0.1138912255553299,0.5612331196456519,0.0044904524132498,0.7595000000000001,4.708491417763224,376.23277777777776,261.5452220136713,Warning,Schedule bearing inspection and increase monitoring
3,2003-11-10 08:05:58,0.1603090509610011,0.112023733846779,0.5019912220094545,-0.0202160941212905,0.74,4.619037003159493,375.5661111111111,473.091783414524,Warning,Schedule bearing inspection and increase monitoring
3,2003-11-10 08:15:58,0.161149381986165,0.1135210982768705,0.6275231569945343,0.0069783230761045,0.687,4.261945188518769,375.3994444444445,297.76484188060726,Warning,Schedule bearing inspection and increase monitoring
3,2003-11-10 10:25:58,0.1606451987178191,0.1134540802354197,0.5529271125480535,-0.01035926383736,0.7455,4.641153342124214,373.23277777777776,346.3937931456052,Warning,Schedule bearing inspection and increase monitoring
3,2003-11-10 10:35:58,0.1618018675750775,0.1139511804175191,0.5635851319330187,-0.0329129229236147,0.8815,5.44934218514843,373.0661111111111,244.2641141350056,Warning,Schedule bearing inspection and increase monitoring
3,2003-11-10 11:25:58,0.1608576984957249,0.1130749413192438,0.843998960266771,0.0026668766981772,0.947,5.901683195477466,372.23277777777776,239.0971363117603,Warning,Schedule bearing inspection and increase monitoring
3,2003-11-10 12:35:58,0.1598202544773774,0.1120287041573569,0.5183952204749984,-0.018721928209816,0.7324999999999999,4.58223053086361,371.0661111111111,392.4377249270826,Warning,Schedule bearing inspection and increase monitoring
3,2003-11-10 12:55:58,0.1601325511411099,0.1121821631070115,0.4368868341719119,0.0157123688872849,0.609,3.8004082270496697,370.73277777777776,491.6732947593933,Warning,Schedule bearing inspection and increase monitoring
3,2003-11-10 13:55:58,0.1606128305894686,0.1132910396942863,0.5897608721813214,0.0080403275675284,0.7264999999999999,4.5168284527826845,369.73277777777776,327.92823915790694,Warning,Schedule bearing inspection and increase monitoring
3,2003-11-10 14:15:58,0.1600370898860397,0.1120430383033393,0.3969508748878336,-0.0042745616053617,0.742,4.640095527829401,369.3994444444445,553.554978664421,Healthy,Continue operation and routine monitoring
3,2003-11-10 14:35:58,0.160287756874376,0.1124423323749967,0.4765046273322413,0.0052914079145939,0.768,4.799957967139437,369.0661111111111,497.7786753311703,Warning,Schedule bearing inspection and increase monitoring
3,2003-11-10 15:45:58,0.1601613746990252,0.1115977924592262,0.5235154906240365,-0.0343989983337096,0.7384999999999999,4.604347498859079,367.8994444444445,392.600922391034,Warning,Schedule bearing inspection and increase monitoring
3,2003-11-10 15:55:58,0.1586953932955659,0.1107200729405239,0.4529864097232207,-0.0003529727312188,0.756,4.765141167652702,367.73277777777776,480.4668152793119,Warning,Schedule bearing inspection and increase monitoring
3,2003-11-14 11:02:17,0.1615646830730563,0.1144145901824852,0.632634376305254,0.0194476452806552,0.769,4.760310411650686,276.6275,266.5865614952156,Warning,Schedule bearing inspection and increase monitoring
3,2003-11-14 11:42:17,0.1620915389143822,0.1141701660020432,0.7137313888792187,0.0070694737876568,0.8045,4.967568641419186,275.9608333333333,215.64655147059585,Warning,Schedule bearing inspection and increase monitoring
3,2003-11-14 12:42:17,0.1622197946850145,0.1146652565613348,0.5649025589849039,-0.032113628407369,0.7935,4.886240774069353,274.9608333333333,238.42035002798363,Warning,Schedule bearing inspection and increase monitoring
3,2003-11-14 13:22:17,0.163101892458264,0.1156592085990455,0.8900831182213882,0.0011340599817193,0.9485,5.817067223087116,274.2941666666667,190.58627077151365,Warning,Schedule bearing inspection and increase monitoring
3,2003-11-14 13:32:17,0.1625438032546896,0.116216779942702,0.7833108798255684,0.0036635817786185,0.7735000000000001,4.760232933369604,274.1275,179.20350635195348,Warning,Schedule bearing inspection and increase monitoring
3,2003-11-14 14:02:17,0.1622450607290629,0.1152680710642236,0.5584437835086138,0.0048557699900308,0.6665000000000001,4.107976158095932,273.6275,281.51232278380354,Warning,Schedule bearing inspection and increase monitoring
3,2003-11-14 14:12:17,0.1635867174857084,0.117563379594736,0.6530515114609663,-0.044479727590878,0.8029999999999999,4.91452859965055,273.4608333333333,143.63257304732426,Warning,Schedule bearing inspection and increase monitoring
3,2003-11-14 14:42:17,0.1628783729681266,0.1167195799431287,0.5609073254708001,0.0318253598918365,0.669,4.1083094992112965,272.9608333333333,216.44564689633415,Warning,Schedule bearing inspection and increase monitoring
3,2003-11-14 18:48:46,0.1592122212083978,0.1115728955744173,0.6777101676216841,-0.0035883019909319,0.731,4.596753569209866,268.85277777777776,342.95045303369267,Warning,Schedule bearing inspection and increase monitoring
3,2003-11-14 20:48:46,0.1612177863401004,0.1137730990707689,0.5961120775425914,-0.0086390138285345,0.6825,4.232530460133204,266.85277777777776,302.12634197493605,Warning,Schedule bearing inspection and increase monitoring
3,2003-11-14 22:38:46,0.1611066752653287,0.1141916493159878,0.5562167459747838,0.0076177070887412,0.769,4.775428658935795,265.01944444444445,299.47583160952206,Warning,Schedule bearing inspection and increase monitoring
3,2003-11-14 23:18:46,0.1627644016564032,0.1158201019279449,0.7514781918186568,0.0027041920625817,0.841,5.169364462366194,264.35277777777776,192.4453868571859,Warning,Schedule bearing inspection and increase monitoring
3,2003-11-15 01:38:46,0.1611786668949278,0.1137330668792276,0.6780743053923854,-0.0074919647269917,0.8029999999999999,4.990567570293041,262.01944444444445,265.486831457775,Warning,Schedule bearing inspection and increase monitoring
3,2003-11-15 03:38:46,0.1628630598251753,0.1161921796660771,0.6971766567569302,0.0018874176201678,0.7945,4.878444394343566,260.01944444444445,189.19763895067769,Warning,Schedule bearing inspection and increase monitoring
3,2003-11-15 05:08:46,0.1604933882613879,0.1128914217068754,0.5718575451760466,-0.0030416731000742,0.7589999999999999,4.725933196214486,258.51944444444445,375.8470223092932,Warning,Schedule bearing inspection and increase monitoring
3,2003-11-15 05:28:46,0.1622674142617357,0.1142632364900149,0.5321713248957378,-0.0280378466968399,0.7250000000000001,4.473345570444192,258.1861111111112,270.4473508442325,Warning,Schedule bearing inspection and increase monitoring
3,2003-11-15 05:48:46,0.1604944725265799,0.1135000975821822,0.5363585240564233,0.0018515447599284,0.7589999999999999,4.732838073774966,257.85277777777776,386.20437945579584,Warning,Schedule bearing inspection and increase monitoring
3,2003-11-15 06:18:46,0.161073578118729,0.1133052666615631,0.8619899745481459,0.0128402707907539,0.9195,5.714880660503939,257.35277777777776,229.9252845071873,Warning,Schedule bearing inspection and increase monitoring
3,2003-11-15 08:08:46,0.1642434201317139,0.1181281336045264,1.0223782957353604,0.0100857207434129,0.985,6.008268578817173,255.51944444444445,112.54427500366612,Warning,Schedule bearing inspection and increase monitoring
3,2003-11-15 08:18:46,0.1622763811034397,0.1160121854935731,0.7326690300552203,-0.0148057228813942,0.8065,4.972037394798011,255.3527777777778,203.7660706900517,Warning,Schedule bearing inspection and increase monitoring
3,2003-11-15 08:38:46,0.1602743243683584,0.1128598418670224,0.5732768342954147,0.0133602103365166,0.745,4.65095966281813,255.01944444444445,360.3305838124664,Warning,Schedule bearing inspection and increase monitoring
3,2003-11-15 09:28:46,0.1641921775581133,0.1171025872263234,0.8619308151858791,-0.0040457153888045,0.8109999999999999,4.942271000842402,254.1861111111111,153.51488317598674,Warning,Schedule bearing inspection and increase monitoring
3,2003-11-15 09:48:46,0.1620055805356277,0.1154111499946742,0.7356692824282249,-0.0022143134166346,0.8069999999999999,4.980999004114915,253.8527777777778,214.27604329039275,Warning,Schedule bearing inspection and increase monitoring
3,2003-11-15 10:08:46,0.1620020886185887,0.1148416871149037,0.8042807296263395,0.0128282561504475,0.7705,4.758716502282828,253.51944444444445,221.95937804964277,Warning,Schedule bearing inspection and increase monitoring
3,2003-11-15 10:38:46,0.1621730711446719,0.1157505729791501,0.6342376232707418,-0.0457211537581506,0.7665,4.731295345351656,253.01944444444445,234.1707695057613,Warning,Schedule bearing inspection and increase monitoring
3,2003-11-15 12:18:46,0.1611498237114358,0.1135792091395743,0.7494773706921287,-0.0165890613415997,0.823,5.098653391617317,251.3527777777778,238.96230475515156,Warning,Schedule bearing inspection and increase monitoring
3,2003-11-15 12:38:46,0.1622992129150274,0.1156377652891753,0.7019411412920464,0.0039592274731229,0.6859999999999999,4.2290459506589535,251.01944444444445,271.6161163633761,Warning,Schedule bearing inspection and increase monitoring
3,2003-11-15 13:08:46,0.161672576398114,0.1141078479617269,0.7001065781923452,-0.0141674220232293,0.8009999999999999,4.957292181416596,250.51944444444445,228.44398541120165,Warning,Schedule bearing inspection and increase monitoring
3,2003-11-15 13:48:46,0.1631796926930757,0.1170111672695814,0.6745265301806955,0.0019424305042971,0.781,4.788767260154036,249.8527777777778,160.42264488594162,Warning,Schedule bearing inspection and increase monitoring
3,2003-11-15 13:58:46,0.1624807525568339,0.1144302362465049,0.5452412621494962,0.0034110400119638,0.7945,4.903523096945971,249.6861111111111,200.73218644283412,Warning,Schedule bearing inspection and increase monitoring
3,2003-11-15 14:28:46,0.1598519226881841,0.1118649136073945,0.4820631514975293,-0.0123721371710549,0.685,4.28538364078975,249.1861111111111,444.9265437673671,Warning,Schedule bearing inspection and increase monitoring
3,2003-11-15 14:38:46,0.1624989487743637,0.1157271802311102,0.5788917618513658,-0.0281080336100286,0.7105,4.369786183273377,249.01944444444445,234.0053483916768,Warning,Schedule bearing inspection and increase monitoring
3,2003-11-15 14:48:46,0.1602094781903389,0.1127322361661226,0.5797251655157873,-0.0098468751764965,0.73,4.5566579769838365,248.8527777777778,369.1249851676793,Warning,Schedule bearing inspection and increase monitoring
3,2003-11-15 15:28:46,0.1597969694625299,0.111372255367498,0.6165730070339286,0.0117327253843973,0.7225,4.524245643460698,248.1861111111111,313.2315774735217,Warning,Schedule bearing inspection and increase monitoring
3,2003-11-15 16:38:46,0.1598970837483723,0.1123129094442726,0.5352620931138454,0.0025670407588879,0.808,5.061023835971412,247.01944444444445,318.1361138369025,Warning,Schedule bearing inspection and increase monitoring
3,2003-11-15 17:08:46,0.1606251979610649,0.1135410193575762,0.7518805941960722,-0.0098689999112323,0.889,5.543314450566051,246.51944444444445,274.58287700566615,Warning,Schedule bearing inspection and increase monitoring
3,2003-11-15 17:28:46,0.1620784536503875,0.1140582901270101,0.8326399964194626,0.010697053620243,0.753,4.645676337785343,246.1861111111111,214.37474888352497,Warning,Schedule bearing inspection and increase monitoring
3,2003-11-15 17:38:46,0.1627393885340452,0.1157676736075768,0.652072663239871,0.0115923604441651,0.8215,5.046647751196993,246.01944444444445,181.0085025847509,Warning,Schedule bearing inspection and increase monitoring
3,2003-11-15 17:48:46,0.1609783459264737,0.1142158690725061,0.622168778995736,0.0150324037299049,0.7395,4.59267848801019,245.8527777777778,306.0709855320969,Warning,Schedule bearing inspection and increase monitoring
3,2003-11-15 19:18:46,0.1607299901501895,0.1134193764944954,0.7672933353322726,-0.0153155952668894,0.974,6.056105249659076,244.3527777777778,249.4913850381476,Warning,Schedule bearing inspection and increase monitoring
3,2003-11-15 20:58:46,0.1632286636793445,0.1148985102254283,0.8149426953096855,-0.0009436889443619,0.795,4.870192219351146,242.6861111111111,177.11155677842214,Warning,Schedule bearing inspection and increase monitoring
3,2003-11-15 22:38:46,0.1603980136520724,0.1139275178612,0.5490879549483321,0.0367630764416002,0.698,4.352320081521851,241.01944444444445,383.38980437130857,Warning,Schedule bearing inspection and increase monitoring
3,2003-11-15 22:58:46,0.1626064565825927,0.114827396109304,0.729615249510146,0.0279747806534626,0.708,4.358204264239287,240.6861111111111,219.25662186616864,Warning,Schedule bearing inspection and increase monitoring
3,2003-11-15 23:18:46,0.1600027185286731,0.1125408951722801,0.6415938470085032,-0.0181194719154344,0.7969999999999999,4.988369801130303,240.3527777777778,295.9769112012188,Warning,Schedule bearing inspection and increase monitoring
3,2003-11-16 00:08:46,0.162835495753202,0.116092792526112,0.8876571641114548,-0.0091815975342392,0.9475,5.822050406210005,239.51944444444445,189.72142875344585,Warning,Schedule bearing inspection and increase monitoring
3,2003-11-16 00:18:46,0.1618232809772555,0.1146432311505601,0.5901397392833545,-0.0173212967240573,0.752,4.644480701980405,239.3527777777778,272.70672315255285,Warning,Schedule bearing inspection and increase monitoring
3,2003-11-16 00:38:46,0.1599814492703133,0.1121669017671903,0.678678777981832,0.0125797338631595,0.856,5.356703983843602,239.01944444444445,311.3181107038526,Warning,Schedule bearing inspection and increase monitoring
3,2003-11-16 01:48:46,0.1611588978699457,0.1138575876736585,0.5730128450063035,-0.044189589804875,0.796,4.94290509974716,237.8527777777778,275.5126533939546,Warning,Schedule bearing inspection and increase monitoring
3,2003-11-16 05:38:46,0.1600813836076831,0.1121424787549628,0.5212763156525371,-0.0004063136577024,0.7875000000000001,4.919973247039367,234.01944444444445,372.6980605591426,Warning,Schedule bearing inspection and increase monitoring
3,2003-11-16 06:08:46,0.1604181933391445,0.1128528729688181,0.6755615242867559,0.0322980984985407,0.825,5.1493970953525405,233.51944444444445,358.1268197612304,Warning,Schedule bearing inspection and increase monitoring
3,2003-11-16 08:08:46,0.162919854643498,0.1159019465255761,0.5899289701749881,0.0210080280152784,0.752,4.617565038477257,231.51944444444445,186.49951063236767,Warning,Schedule bearing inspection and increase monitoring
3,2003-11-16 08:18:46,0.1624642689507904,0.1154903255849559,0.6912989011914943,-0.0386358626101225,0.9245,5.70006939300025,231.3527777777778,204.16022650528583,Warning,Schedule bearing inspection and increase monitoring
3,2003-11-16 08:28:46,0.1647631762464579,0.1171721810179729,1.173403837052109,-0.0614992205617202,1.0779999999999998,6.552238487311071,231.1861111111111,119.71603110338852,Warning,Schedule bearing inspection and increase monitoring
3,2003-11-16 08:38:46,0.1636881585065402,0.1170373223245282,0.8503327267707153,0.0090414954694575,0.8300000000000001,5.073827208430687,231.01944444444445,147.89409711755846,Warning,Schedule bearing inspection and increase monitoring
3,2003-11-16 09:38:46,0.1620039808470245,0.1158487929347977,0.5324406257006375,0.0298829043493105,0.7689999999999999,4.7494713164370825,230.01944444444445,239.9683908283995,Warning,Schedule bearing inspection and increase monitoring
3,2003-11-16 10:08:46,0.1638283044383198,0.1175902992003306,0.8668757354372851,0.0051110416454383,0.8029999999999999,4.901771841254652,229.51944444444445,142.10110068700874,Warning,Schedule bearing inspection and increase monitoring
3,2003-11-16 10:18:46,0.1617459097169993,0.1154683655250285,0.6620694024411238,0.0244833702231878,0.6955,4.299898499288611,229.3527777777778,291.2702802761466,Warning,Schedule bearing inspection and increase monitoring
3,2003-11-16 10:28:46,0.1642145434680681,0.117226537001034,1.1989462486184597,-0.0006337571497226,0.8435,5.140520649535394,229.1861111111111,130.6474276939439,Warning,Schedule bearing inspection and increase monitoring
3,2003-11-16 10:38:46,0.161375271038336,0.1147013025397004,0.8112563652968339,-0.0311990026561285,0.9215,5.718612838016693,229.01944444444445,234.5479135237456,Warning,Schedule bearing inspection and increase monitoring
3,2003-11-16 10:58:46,0.1613765933659252,0.1139503305041558,0.5178281834379677,-0.0133940037856734,0.742,4.604403014843621,228.6861111111111,337.34863798434594,Warning,Schedule bearing inspection and increase monitoring
3,2003-11-16 11:18:46,0.1638861576356292,0.1170918845892058,0.8050828656270073,-0.0430113708507,0.8655,5.283012555394041,228.3527777777778,162.21692355851877,Warning,Schedule bearing inspection and increase monitoring
3,2003-11-16 11:48:46,0.1609581429786271,0.1134102639979822,0.5182190435622593,0.0178276146411163,0.657,4.08191500779199,227.8527777777778,361.0766683117685,Warning,Schedule bearing inspection and increase monitoring
3,2003-11-16 12:18:46,0.1603171674463971,0.1125176865414967,0.5181251643800526,0.0219747766358409,0.7529999999999999,4.699669789422211,227.3527777777778,406.50774264697367,Warning,Schedule bearing inspection and increase monitoring
3,2003-11-16 12:38:46,0.1628287775707428,0.1165349612725213,0.6903082054850682,0.0401249434084997,0.745,4.576224135315602,227.01944444444445,185.19752406191648,Warning,Schedule bearing inspection and increase monitoring
3,2003-11-16 12:48:46,0.1616680089326918,0.1143322631143066,0.9423094397042496,-0.0182116366698563,0.89,5.51270304719166,226.8527777777778,224.66947873997836,Warning,Schedule bearing inspection and increase monitoring
3,2003-11-16 13:18:46,0.1622794325252933,0.1148521928588582,0.6438198611265773,-0.0099100035458589,0.7555000000000001,4.660936558422322,226.3527777777778,239.48081916078135,Warning,Schedule bearing inspection and increase monitoring
3,2003-11-16 14:38:46,0.1626449140236284,0.1158056397246139,0.7912493002347407,-0.0025426444539624,0.8714999999999999,5.358716944518702,225.01944444444445,187.6013239761249,Warning,Schedule bearing inspection and increase monitoring
3,2003-11-16 15:18:46,0.1622363881690763,0.1159835471668906,0.6980235973593627,-0.0166283217731912,0.89,5.491051987727131,224.3527777777778,226.14443969541517,Warning,Schedule bearing inspection and increase monitoring
3,2003-11-16 15:48:46,0.1609091450535401,0.1137316934785645,0.7083446406527385,0.0074613265549029,0.8255,5.127723998913126,223.8527777777778,307.84312042932146,Warning,Schedule bearing inspection and increase monitoring
3,2003-11-16 16:48:46,0.1624491149722058,0.115993440699511,0.7250124819463994,-0.0105899913868856,0.8365,5.157747667613066,222.8527777777778,216.122583467199,Warning,Schedule bearing inspection and increase monitoring
3,2003-11-16 17:18:46,0.1624299112512214,0.1151501361967784,0.77077757408034,0.0177824286521173,0.7629999999999999,4.699922411342561,222.3527777777778,201.37820014193116,Warning,Schedule bearing inspection and increase monitoring
3,2003-11-16 18:18:46,0.161415694046185,0.1134497357124806,0.6769126990415943,0.0175767361876435,0.7484999999999999,4.6412503249638615,221.3527777777778,248.47524234155975,Warning,Schedule bearing inspection and increase monitoring
3,2003-11-16 19:18:46,0.1610838228604842,0.1136481543360865,0.7303549466361654,-0.0124923761626927,0.841,5.227047939643782,220.3527777777778,259.20832117428824,Warning,Schedule bearing inspection and increase monitoring
3,2003-11-16 19:48:46,0.1587400030716959,0.1105353919776223,0.4986906829606232,0.0284938981613827,0.6835,4.302177266678268,219.8527777777778,395.6313192537374,Warning,Schedule bearing inspection and increase monitoring
3,2003-11-17 10:22:30,0.1610077966329151,0.1117781803166162,0.5184786941010546,0.0132199324254683,0.7055,4.375932443581172,205.2905555555556,337.0049163644123,Warning,Schedule bearing inspection and increase monitoring
3,2003-11-17 11:12:30,0.1626644035615358,0.1145171264296514,0.5751368861896142,0.0165461316344018,0.7825,4.809185964622025,204.4572222222222,189.02744912527191,Warning,Schedule bearing inspection and increase monitoring
3,2003-11-17 13:02:30,0.1630094004248964,0.1170347067967188,0.7650616377856001,-0.0160343507720636,1.001,6.151910728167696,202.6238888888889,164.18080462142711,Warning,Schedule bearing inspection and increase monitoring
3,2003-11-17 13:22:30,0.1638369258290742,0.1176640197557556,0.8552164771980957,0.0256669361237911,0.9045,5.522611681272844,202.2905555555556,151.69521644820605,Warning,Schedule bearing inspection and increase monitoring
3,2003-11-17 13:42:30,0.1596826406344323,0.1143503263310218,0.7190184567639797,0.0033196429938897,0.8545,5.344284148307437,201.9572222222222,329.54391912101295,Warning,Schedule bearing inspection and increase monitoring
3,2003-11-17 13:52:30,0.1618112593880585,0.1146545482433341,0.5728045979221348,0.020385417663201,0.7315,4.524463190580612,201.7905555555556,245.35804565540724,Warning,Schedule bearing inspection and increase monitoring
3,2003-11-17 14:12:30,0.1628053126904834,0.1143937799296354,0.4980115583002216,-0.0024214519515714,0.674,4.141366580378886,201.4572222222222,245.16208554600337,Warning,Schedule bearing inspection and increase monitoring
3,2003-11-17 15:52:30,0.1664444598744471,0.1210556544528385,0.9077853629582792,0.0186225504460457,0.784,4.711273771346383,199.7905555555556,82.38585470922527,Critical,Plan bearing replacement and immediate inspection
3,2003-11-17 16:12:30,0.1632667995670585,0.1157568865734165,0.6874582597180687,-0.0049711914655646,0.8165,5.006455374826305,199.4572222222222,191.6572263561789,Warning,Schedule bearing inspection and increase monitoring
3,2003-11-17 18:52:30,0.1612752953804706,0.1136152313371358,0.5237429039865868,0.0072295505348942,0.6815,4.223873991879644,196.7905555555556,280.8560113019375,Warning,Schedule bearing inspection and increase monitoring
3,2003-11-17 19:02:30,0.1607834989127953,0.112910171424647,0.5514465480614759,-0.0027451028745713,0.7875000000000001,4.906186717693851,196.6238888888889,311.09238785069147,Warning,Schedule bearing inspection and increase monitoring
3,2003-11-17 19:42:30,0.1625520209078258,0.1152275723121152,0.6780190514335303,0.0109426322857512,0.7250000000000001,4.46089378112927,195.9572222222222,206.721230701983,Warning,Schedule bearing inspection and increase monitoring
3,2003-11-17 20:42:30,0.1611868872717595,0.1130041230622854,0.721088198969354,0.0070898514712905,0.9605,5.961348575616168,194.9572222222222,238.29125011013656,Warning,Schedule bearing inspection and increase monitoring
3,2003-11-17 22:22:30,0.1607047166550124,0.1124288508382992,0.5048990730077731,-0.001582506322548,0.6885,4.286656465373177,193.2905555555556,385.5552328438128,Warning,Schedule bearing inspection and increase monitoring
3,2003-11-17 23:02:30,0.1603930896690795,0.112606506267818,0.500804618911735,-0.0176369532926905,0.7224999999999999,4.506574088732611,192.6238888888889,467.7770397356639,Warning,Schedule bearing inspection and increase monitoring
3,2003-11-17 23:22:30,0.162194808975329,0.1147522845528768,0.6020673163504038,0.0011021117803531,0.8445,5.208916031240747,192.2905555555556,229.59560539966543,Warning,Schedule bearing inspection and increase monitoring
3,2003-11-18 00:32:30,0.1605437492249866,0.1127354039981752,0.453043032928536,-0.0147344817388293,0.741,4.614893568550477,191.1238888888889,506.0333348867664,Healthy,Continue operation and routine monitoring
3,2003-11-18 00:42:30,0.1620079461185477,0.1141138229280781,0.5358844694890228,0.0060162400752076,0.781,4.813308066419458,190.9572222222222,247.8452398351972,Warning,Schedule bearing inspection and increase monitoring
3,2003-11-18 03:32:30,0.1595365981136552,0.1119517390254103,0.4671233858426538,0.0031715051527126,0.7004999999999999,4.390652569590076,188.1238888888889,450.4736591101416,Warning,Schedule bearing inspection and increase monitoring
3,2003-11-18 04:12:30,0.1625568961280646,0.1148590456423368,0.7088424657771089,0.0194304145972862,0.8435,5.187701232643352,187.4572222222222,198.36561926396652,Warning,Schedule bearing inspection and increase monitoring
3,2003-11-18 05:22:30,0.1611814051759189,0.1145098390355989,0.8498001248857554,0.0112544308564359,0.8485,5.2642638604518055,186.2905555555556,232.7629553634546,Warning,Schedule bearing inspection and increase monitoring
3,2003-11-18 07:02:30,0.1601736914964694,0.1120936343572057,0.5771032640842906,0.0371379395848746,0.702,4.381809928876194,184.6238888888889,331.4582349539473,Warning,Schedule bearing inspection and increase monitoring
3,2003-11-18 07:12:30,0.1628828129407957,0.1139306445790755,0.6585325314622281,0.0143421814399281,0.746,4.583475712136863,184.4572222222222,178.6372928150174,Warning,Schedule bearing inspection and increase monitoring
3,2003-11-18 07:52:30,0.1598318442866906,0.1111681732429634,0.5374577784936518,-0.0247315696035648,0.748,4.680188319150403,183.7905555555556,313.24050594051334,Warning,Schedule bearing inspection and increase monitoring
3,2003-11-18 09:12:30,0.1636067730163723,0.1161557143214559,0.7840848967578924,-0.0196009963046296,0.9305,5.69395356366422,182.4572222222222,191.4104904705258,Warning,Schedule bearing inspection and increase monitoring
3,2003-11-18 09:52:30,0.1610892697738345,0.1136378218596053,0.767596166021705,-0.0036594840371716,0.862,5.356094523449952,181.7905555555556,226.843415612518,Warning,Schedule bearing inspection and increase monitoring
3,2003-11-18 12:02:30,0.1618027762255621,0.1142124017300943,0.6527996930484885,-0.0316134680942346,0.8265,5.1056288473356,179.6238888888889,252.87117615148983,Warning,Schedule bearing inspection and increase monitoring
3,2003-11-18 12:22:30,0.1605408318834084,0.112489492547619,0.5549263778352329,0.0311045100552209,0.6950000000000001,4.331663117062503,179.29055555555556,329.70939750505795,Warning,Schedule bearing inspection and increase monitoring
3,2003-11-18 13:02:30,0.160523450881839,0.1122960147018223,0.5113893505853684,-0.0031033183982992,0.7395,4.602704233735334,178.6238888888889,448.2044648179372,Warning,Schedule bearing inspection and increase monitoring
3,2003-11-18 13:12:30,0.1621483777396767,0.1130977481259984,0.705725969548761,-0.0199855108113938,0.9875,6.090401997308208,178.4572222222222,214.06594502798637,Warning,Schedule bearing inspection and increase monitoring
3,2003-11-18 14:32:30,0.1639999173177801,0.1173287544846448,1.2798894158392455,0.0142904813931395,0.9275,5.653683772300362,177.1238888888889,126.27042203526136,Warning,Schedule bearing inspection and increase monitoring
3,2003-11-18 15:32:30,0.1625179512098216,0.1161518675845862,0.70724712888363,-0.0064997834987695,0.84,5.17008655858994,176.1238888888889,207.59643196497663,Warning,Schedule bearing inspection and increase monitoring
3,2003-11-18 15:42:30,0.1645394985756648,0.1173204454882475,0.6506705539448112,0.0179298498387083,0.802,4.877882273522639,175.9572222222222,128.80448653997405,Warning,Schedule bearing inspection and increase monitoring
3,2003-11-18 16:42:30,0.1630167269240475,0.1148319222996031,0.6679618381413301,0.0023687154381329,0.7885,4.842693258867142,174.9572222222222,189.718606382572,Warning,Schedule bearing inspection and increase monitoring
3,2003-11-18 17:02:30,0.1624498829015231,0.114977912743076,0.5883592198974426,-0.0168581635422288,0.8434999999999999,5.192803468787589,174.6238888888889,227.23898784168344,Warning,Schedule bearing inspection and increase monitoring
3,2003-11-18 18:02:30,0.1611018358624923,0.1134494470498587,0.544474733782764,0.0288656117046204,0.708,4.3981781514391205,173.6238888888889,306.4844226025476,Warning,Schedule bearing inspection and increase monitoring
3,2003-11-18 19:12:30,0.1598083028250309,0.1113995943649085,0.5491534153812068,0.0193578137362862,0.6835,4.278349684045275,172.4572222222222,335.3189921128054,Warning,Schedule bearing inspection and increase monitoring
3,2003-11-19 09:12:30,0.1626097950135893,0.115085777718121,0.642172012115388,0.0224448709747607,0.7615,4.680557459174683,158.4572222222222,179.3125638249442,Warning,Schedule bearing inspection and increase monitoring
3,2003-11-19 09:22:30,0.162778793839741,0.1148884196461,1.2247516202152204,-0.0713182760068297,0.996,6.127796874933449,158.29055555555556,154.64039852977706,Warning,Schedule bearing inspection and increase monitoring
3,2003-11-19 11:04:17,0.1629567512661308,0.1167640681645715,0.8460816034052154,-0.0087432348241495,0.929,5.703779774010876,156.59416666666667,184.91656550657495,Warning,Schedule bearing inspection and increase monitoring
3,2003-11-19 11:56:07,0.1613274406774211,0.1138570727128854,0.6944744085539483,-0.022111119859323,0.7235,4.48279903589297,155.7302777777778,279.1524036865003,Warning,Schedule bearing inspection and increase monitoring
3,2003-11-19 12:56:07,0.1624652987026532,0.1144105953935333,0.5649777598581951,-0.0259309014935469,0.7925,4.87439746399281,154.7302777777778,190.85583545094096,Warning,Schedule bearing inspection and increase monitoring
3,2003-11-19 13:36:07,0.1628346045056773,0.1142911655971555,0.7529894458516515,0.0323461302686268,0.8105,4.987487604066814,154.0636111111111,161.77793367952887,Warning,Schedule bearing inspection and increase monitoring
3,2003-11-19 13:56:07,0.1604661486661014,0.1123863893226089,0.4913439104293884,-0.0013811069906908,0.651,4.055713233583159,153.7302777777778,425.7237077665673,Warning,Schedule bearing inspection and increase monitoring
3,2003-11-19 14:06:07,0.1617993854572575,0.1130933197081166,0.5638464688383109,-0.0055588141868035,0.6970000000000001,4.310125485302787,153.5636111111111,296.156193114031,Warning,Schedule bearing inspection and increase monitoring
3,2003-11-19 15:46:07,0.1614035613911978,0.114014740685935,0.7555619101920386,0.0058426714689692,0.903,5.601061022656699,151.89694444444444,223.33996881391477,Warning,Schedule bearing inspection and increase monitoring
3,2003-11-19 16:56:07,0.1628879357618313,0.1158192933293653,0.6448915712336005,0.0196135564087684,0.7645,4.692767261586759,150.7302777777778,181.6150565436224,Warning,Schedule bearing inspection and increase monitoring
3,2003-11-19 17:16:07,0.1613715390155047,0.1136028578371445,0.5115751207364123,0.0149371579370802,0.741,4.590323914791116,150.39694444444444,429.2001093848528,Warning,Schedule bearing inspection and increase monitoring
3,2003-11-19 17:26:07,0.1622552968394588,0.1149072653561452,1.007951259171782,0.0469930835765634,0.859,5.298065413697892,150.2302777777778,188.24282170217523,Warning,Schedule bearing inspection and increase monitoring
3,2003-11-19 17:46:07,0.1630824455758578,0.1166665551464669,0.7288262238726038,-0.0031137167633861,0.7605,4.663379185358378,149.89694444444444,176.27846212320446,Warning,Schedule bearing inspection and increase monitoring
3,2003-11-19 17:56:07,0.1611074137664037,0.1126754418683144,0.6927606476811565,0.0275822044836555,0.785,4.872816656754846,149.7302777777778,283.88617262803075,Warning,Schedule bearing inspection and increase monitoring
3,2003-11-19 18:16:07,0.160440821818674,0.112434177439011,0.4783145213787578,-0.0206482161304776,0.835,5.204785418674021,149.39694444444444,515.9041820778438,Healthy,Continue operation and routine monitoring
3,2003-11-19 19:06:07,0.1625034084962249,0.1143580367716524,1.0311853858861515,0.0423935983846563,0.8105,4.989866932213863,148.5636111111111,205.82623452481124,Warning,Schedule bearing inspection and increase monitoring
3,2003-11-19 19:16:07,0.1613239646498555,0.1132335810898036,0.7839777157693715,-0.0081572848405293,0.9695,6.010717088920368,148.39694444444444,219.3705551482448,Warning,Schedule bearing inspection and increase monitoring
3,2003-11-19 20:46:07,0.1602303709286252,0.1124886129703895,0.4094372958727676,0.0075276909585534,0.69,4.308615964880792,146.89694444444444,500.2207768178439,Healthy,Continue operation and routine monitoring
3,2003-11-19 21:06:07,0.1614116363266917,0.112881639883921,0.672397525261387,-0.003562017060509,0.7995,4.954215198374264,146.5636111111111,230.55472973991,Warning,Schedule bearing inspection and increase monitoring
3,2003-11-19 21:36:07,0.1607763900113917,0.1121389484965814,0.6172723555039048,0.0087453643693564,0.7215,4.4857232636345525,146.0636111111111,287.1797142029988,Warning,Schedule bearing inspection and increase monitoring
3,2003-11-19 22:06:07,0.1629251081729096,0.1146817357638932,0.7315977656180765,-0.0313129445489423,0.7505,4.6074897701992485,145.5636111111111,187.8566692881086,Warning,Schedule bearing inspection and increase monitoring
3,2003-11-20 12:14:03,0.1636017667298391,0.1154250559254982,0.5819932120574369,0.0273995264308039,0.819,5.007563186865607,131.43138888888888,175.50625672910164,Warning,Schedule bearing inspection and increase monitoring
3,2003-11-20 12:19:03,0.165674280068946,0.1172851228556662,0.6297037277162343,-0.0214481282994415,0.8335,5.034899659805191,131.34805555555556,93.07258314526996,Critical,Plan bearing replacement and immediate inspection
3,2003-11-20 12:29:03,0.1623389640195971,0.1143439141169599,0.5404539826693973,0.0052034697509498,0.7675,4.731923911042609,131.18138888888888,227.6971567328937,Warning,Schedule bearing inspection and increase monitoring
3,2003-11-20 13:04:03,0.1640564684902109,0.117384270520141,0.7036499809691867,0.0275560098310396,0.719,4.3847341336959005,130.59805555555556,162.82895120984412,Warning,Schedule bearing inspection and increase monitoring
3,2003-11-20 13:59:03,0.1621186301689745,0.1147535077904159,0.5970087958166148,0.00669958637998,0.8165,5.044470796288682,129.68138888888888,221.11794784187228,Warning,Schedule bearing inspection and increase monitoring
3,2003-11-20 14:14:03,0.1644795697993991,0.1165151309794972,0.8479549142147258,-0.0220849528835461,0.7945,4.833461335467966,129.43138888888888,151.09195773317188,Warning,Schedule bearing inspection and increase monitoring
3,2003-11-20 14:19:03,0.1631188450784741,0.1164555926289188,0.745099091623127,0.0016971883973155,0.879,5.390090497338935,129.34805555555556,190.3112136353864,Warning,Schedule bearing inspection and increase monitoring
3,2003-11-20 14:29:03,0.1627888523166946,0.1152526046071819,0.5918310763057837,-0.0149796679833523,0.786,4.833782058103999,129.18138888888888,193.31395465716253,Warning,Schedule bearing inspection and increase monitoring
3,2003-11-20 14:59:03,0.1629635890833729,0.1152422581826214,0.7058601646300657,-0.0315710883012498,0.747,4.5835631230580365,128.68138888888888,194.49647270315768,Warning,Schedule bearing inspection and increase monitoring
3,2003-11-20 15:29:03,0.1624534150637042,0.1149272726853855,0.5843935757752896,-0.0029815342575261,0.6975,4.291547904334602,128.18138888888888,233.9530203253643,Warning,Schedule bearing inspection and increase monitoring
3,2003-11-20 15:44:03,0.1627596831897952,0.1142949494054788,0.4505999317199778,0.0012810951252297,0.7275,4.471586926080073,127.93138888888888,193.92615529015652,Warning,Schedule bearing inspection and increase monitoring
3,2003-11-20 16:04:03,0.1627086261466884,0.1150123974750006,0.494468704620431,-0.0060650212320512,0.6995,4.298727112659824,127.59805555555556,216.3323066525904,Warning,Schedule bearing inspection and increase monitoring
3,2003-11-20 16:29:03,0.1628550621428169,0.1161338987794147,0.5436980911608154,0.0093596120973099,0.775,4.763629766967236,127.18138888888888,181.96154807199116,Warning,Schedule bearing inspection and increase monitoring
3,2003-11-20 17:44:03,0.1649791226410519,0.1173441231428211,0.7020855270587423,-0.0279561833692258,0.8500000000000001,5.157583089980173,125.93138888888888,147.57709679629198,Warning,Schedule bearing inspection and increase monitoring
3,2003-11-20 17:54:03,0.1626332722929045,0.1150274329721174,0.74958612854344,-0.0267133578156215,0.918,5.642727501181296,125.76472222222222,189.0664064429762,Warning,Schedule bearing inspection and increase monitoring
3,2003-11-20 18:24:03,0.1643513507985512,0.1178227029999327,0.6494882311355648,0.0058021446665751,0.7225,4.397185243633764,125.26472222222222,145.78403028276077,Warning,Schedule bearing inspection and increase monitoring
3,2003-11-20 18:59:03,0.1619398819756033,0.1149709382599028,0.6686789620427536,0.0004546157431614,0.7155,4.416468585685067,124.68138888888888,276.9047485796872,Warning,Schedule bearing inspection and increase monitoring
3,2003-11-20 19:24:03,0.1632962728519033,0.1160477606856622,0.5283012498208746,-0.0244424888763851,0.792,4.853879694535065,124.26472222222222,183.3320696941157,Warning,Schedule bearing inspection and increase monitoring
3,2003-11-20 19:34:03,0.1623128907551431,0.1145136207654459,0.5908866241162682,-0.0230527839143114,0.7155,4.407048907857693,124.09805555555556,249.1220448754072,Warning,Schedule bearing inspection and increase monitoring
3,2003-11-20 19:44:03,0.1638073312796898,0.1152578336281707,0.5885263250121213,-0.0084059693446085,0.754,4.602459285629874,123.93138888888888,200.532478493717,Warning,Schedule bearing inspection and increase monitoring
3,2003-11-20 20:19:03,0.1623536068995087,0.1148606456182377,0.7572412263348982,0.0285751551511921,0.8614999999999999,5.306404614305035,123.34805555555556,183.96127241527532,Warning,Schedule bearing inspection and increase monitoring
3,2003-11-20 20:24:03,0.1633138927544705,0.1166356210960883,1.047988513663442,0.0165843635506145,0.9055,5.552683666152101,123.26472222222222,166.0494208202988,Warning,Schedule bearing inspection and increase monitoring
3,2003-11-20 20:29:03,0.1619019927262712,0.1154363771021458,0.5370838821559973,0.0043207889545133,0.7925,4.893749435325763,123.18138888888888,260.64191709172496,Warning,Schedule bearing inspection and increase monitoring
3,2003-11-20 20:34:03,0.1615153110279718,0.1139716541826613,0.4749644591335697,-0.0127762133302094,0.69,4.272011431603636,123.09805555555556,461.52088326075625,Warning,Schedule bearing inspection and increase monitoring
3,2003-11-20 23:54:03,0.162804880843511,0.1152967161280261,0.4736717318239258,-0.0015670625136616,0.6725,4.129712934299835,119.76472222222222,240.20205922910444,Warning,Schedule bearing inspection and increase monitoring
3,2003-11-21 00:14:03,0.1622520388193535,0.1149490964931135,0.4153611296630159,0.0049338047660062,0.7665,4.72494638339332,119.43138888888888,536.391048122968,Healthy,Continue operation and routine monitoring
3,2003-11-21 00:34:03,0.1622059448625988,0.114843731839049,0.5940698496726371,0.0062578948201533,0.813,5.02027626721933,119.09805555555556,221.11794784187228,Warning,Schedule bearing inspection and increase monitoring
3,2003-11-21 00:44:03,0.1616369495026735,0.1144430480317249,0.6849674142451454,-0.0119689706631559,0.825,5.106104796024605,118.93138888888888,262.4408785413056,Warning,Schedule bearing inspection and increase monitoring
3,2003-11-21 01:44:03,0.1637632285130559,0.1172191480735184,0.6512028163320309,0.0018755653621656,0.7275,4.441251252286598,117.93138888888888,176.32294802077627,Warning,Schedule bearing inspection and increase monitoring
3,2003-11-21 04:04:03,0.1640350215242353,0.1169063899007132,0.74592980650712,-0.0213148468147599,0.756,4.614689110267506,115.59805555555556,186.82069200422865,Warning,Schedule bearing inspection and increase monitoring
3,2003-11-21 04:14:03,0.1631926821602532,0.115961619624606,0.8460616899623705,-0.0137773666324834,0.796,4.87457600978012,115.43138888888888,176.76768219224869,Warning,Schedule bearing inspection and increase monitoring
3,2003-11-21 05:04:03,0.162757702851062,0.1160443648401411,0.6025678039272722,0.0172759266463038,0.796,4.8881606012013625,114.59805555555556,184.427016542326,Warning,Schedule bearing inspection and increase monitoring
3,2003-11-21 06:04:03,0.161635960727249,0.1144722624192807,0.5169391476988061,0.024465583017864,0.6815,4.220761870595513,113.59805555555556,440.5553701019728,Warning,Schedule bearing inspection and increase monitoring
3,2003-11-21 06:44:03,0.1637601175541848,0.1166895885536443,1.0276308238464382,-0.0333030833157074,0.962,5.885514449501327,112.93138888888888,172.9165043711321,Warning,Schedule bearing inspection and increase monitoring
3,2003-11-21 07:04:03,0.1638220182200132,0.1165829468582289,0.4150911445865115,-0.0069937963037405,0.6895,4.210704751711438,112.59805555555556,263.0814299739053,Warning,Schedule bearing inspection and increase monitoring
3,2003-11-21 10:58:36,0.1637578543105245,0.1159811361048717,0.4584436244080989,0.0214873564942583,0.6799999999999999,4.157155057519952,108.68888888888888,205.9090570307216,Warning,Schedule bearing inspection and increase monitoring
3,2003-11-21 17:26:56,0.1646283611054106,0.1164813036919619,0.7463928087005749,-0.0072819946279597,0.8605,5.236509047769662,102.21666666666668,171.71619110544142,Warning,Schedule bearing inspection and increase monitoring
3,2003-11-21 18:46:56,0.1634556299848535,0.116049047651203,0.7028842061358871,-0.0218869177402092,0.7835,4.803096269716006,100.88333333333334,187.03004834454163,Warning,Schedule bearing inspection and increase monitoring
3,2003-11-21 18:56:56,0.1656370960715594,0.1184062354440638,0.744736827164298,-0.0248950969285051,0.8069999999999999,4.874780283880742,100.71666666666668,95.97403875301592,Critical,Plan bearing replacement and immediate inspection
3,2003-11-21 20:46:56,0.1640313162818511,0.1166101325954367,0.4538023978024676,-0.0094430342365216,0.729,4.446351004588291,98.88333333333334,121.60854713130384,Warning,Schedule bearing inspection and increase monitoring
3,2003-11-21 21:16:56,0.1632224474890496,0.1156048487586087,0.5494063311124688,0.0145537877658355,0.7545,4.619602856784767,98.38333333333334,186.20808484495464,Warning,Schedule bearing inspection and increase monitoring
3,2003-11-21 21:26:56,0.1644424637010594,0.1165649555961414,0.6058229025918429,0.0344626885489221,0.8225,4.996589433198282,98.21666666666668,158.35522586532971,Warning,Schedule bearing inspection and increase monitoring
3,2003-11-21 21:46:56,0.1648366973803535,0.1183973649060449,0.3899289834248676,0.0117941706166963,0.7444999999999999,4.516494731618614,97.88333333333334,92.36731848632432,Critical,Plan bearing replacement and immediate inspection
3,2003-11-21 23:06:56,0.1640444632047107,0.1171907230630253,0.6449407318348599,-0.0005797506600379,0.7825,4.770938103085591,96.55,152.35462683513146,Warning,Schedule bearing inspection and increase monitoring
3,2003-11-21 23:16:56,0.1659884586919354,0.1198259796285487,0.547791627696955,0.0007686572388418,0.784,4.732328266049207,96.38333333333334,88.2945587606167,Critical,Plan bearing replacement and immediate inspection
3,2003-11-21 23:26:56,0.1644265206725263,0.1179002019424992,0.427791028525742,-0.0135541987432379,0.759,4.6264636773108005,96.21666666666668,88.09505516133277,Critical,Plan bearing replacement and immediate inspection
3,2003-11-21 23:46:56,0.1640036238006177,0.117831471948963,0.6635617132733649,-0.0001934819494821,0.9425,5.752223573822089,95.88333333333334,151.36471078512878,Warning,Schedule bearing inspection and increase monitoring
3,2003-11-22 00:56:56,0.1670211115831402,0.1207505460228602,0.3949459808609141,0.0210494849963376,0.663,3.9736716989682126,94.71666666666668,118.68176763181556,Warning,Schedule bearing inspection and increase monitoring
3,2003-11-22 01:06:56,0.1659198138208732,0.1198321274375427,0.5733563240824464,-0.0295808942990103,0.856,5.167973594833599,94.55,96.34117830153365,Critical,Plan bearing replacement and immediate inspection
3,2003-11-22 01:16:56,0.1660818201765529,0.1200330124498366,0.4821888965444851,0.0203968404879321,0.6935,4.177282248252148,94.38333333333334,110.75966354705535,Warning,Schedule bearing inspection and increase monitoring
3,2003-11-22 02:16:56,0.1631899486984294,0.1167935117603433,0.4594029618688666,-0.0038887227739382,0.7495,4.60187545442052,93.38333333333334,142.45344640360142,Warning,Schedule bearing inspection and increase monitoring
3,2003-11-22 05:16:56,0.1637564889445407,0.1175879041121489,0.5401800157432901,-0.0127608149935271,0.861,5.253685451210421,90.38333333333334,152.90149075889647,Warning,Schedule bearing inspection and increase monitoring
3,2003-11-22 06:56:56,0.1653602899484753,0.118407010252776,0.4740823463170687,-0.0096576392337703,0.712,4.307908157751003,88.71666666666667,121.10718445389492,Warning,Schedule bearing inspection and increase monitoring
3,2003-11-22 07:26:56,0.1664014252439609,0.1196266932202569,0.513873470231357,0.0214213780840012,0.7175,4.314483020144801,88.21666666666667,122.6823196743268,Warning,Schedule bearing inspection and increase monitoring
3,2003-11-22 07:36:56,0.1647491730078356,0.1190403005211563,0.6271385985699041,0.0235363503269158,0.6875,4.170147613075329,88.05,148.96810692683172,Warning,Schedule bearing inspection and increase monitoring
3,2003-11-22 08:16:56,0.1640708746321188,0.1182107396019083,0.4072160867161162,0.0369200779803939,0.6885,4.193133217206181,87.38333333333334,137.91784685498453,Warning,Schedule bearing inspection and increase monitoring
3,2003-11-22 08:26:56,0.1636230092337097,0.1162036279933017,0.4379809131104641,0.0116705686389332,0.686,4.192795155428186,87.21666666666667,249.44610252541463,Warning,Schedule bearing inspection and increase monitoring
3,2003-11-22 08:46:56,0.1637789610164355,0.1180269284239453,0.6857469362332431,0.0637421428268526,0.8640000000000001,5.281766884018966,86.88333333333334,139.3565949073323,Warning,Schedule bearing inspection and increase monitoring
3,2003-11-22 09:06:56,0.1651263603816139,0.1183676328209279,0.6228661591484446,-0.0295159220774761,0.862,5.2182835658167175,86.55,122.06315416826727,Warning,Schedule bearing inspection and increase monitoring
3,2003-11-22 09:16:56,0.1652252835606126,0.1186021030960148,0.6628733711371182,-0.0074387896111281,0.9435,5.728539544151809,86.38333333333334,132.47906695291147,Warning,Schedule bearing inspection and increase monitoring
3,2003-11-22 09:56:56,0.1656098576106543,0.1186611279124748,0.4742882545642752,0.0060588070580683,0.712,4.297425332804826,85.71666666666667,118.20444747816596,Warning,Schedule bearing inspection and increase monitoring
3,2003-11-22 13:16:56,0.165704198032609,0.1199306669125542,0.7788378983551998,-0.0313356748727484,0.9275,5.603462694191935,82.38333333333334,101.13854275767196,Warning,Schedule bearing inspection and increase monitoring
3,2003-11-22 13:36:56,0.1664309668573895,0.1197248354182874,0.715760867103826,0.0158636526118902,0.869,5.227943082277218,82.05,96.65158866128436,Critical,Plan bearing replacement and immediate inspection
3,2003-11-22 14:26:56,0.1663361425481181,0.1200950572495485,2.98371633761942,0.1463084409127171,1.383,8.333532591046263,81.21666666666667,67.604937599593,Critical,Plan bearing replacement and immediate inspection
3,2003-11-22 15:56:56,0.1678540503044631,0.1213613393605509,8.649406473990267,-0.445789401940854,2.229,13.289263697293368,79.71666666666667,62.781666410154656,Critical,Plan bearing replacement and immediate inspection
3,2003-11-22 16:26:56,0.1685854899796567,0.1236047744291722,4.713476907588176,0.2463116644433684,1.6455000000000002,9.775841284335378,79.21666666666667,61.09218357852068,Critical,Plan bearing replacement and immediate inspection
3,2003-11-22 18:06:56,0.1675615894951,0.1219825778787325,1.4464958412054854,-0.0337331441198094,0.9545,5.708876250632402,77.55,62.87822227654348,Critical,Plan bearing replacement and immediate inspection
3,2003-11-22 18:46:56,0.1674662729612553,0.1228884367595236,20.26685251394836,-0.8353359054072884,2.502,14.95094908976069,76.88333333333334,62.781666410154656,Critical,Plan bearing replacement and immediate inspection
3,2003-11-23 00:26:56,0.1716908447062371,0.1278122279568807,9.425840438247429,0.2435187612263127,1.9165,11.164266813150132,71.21666666666667,62.27847279358929,Critical,Plan bearing replacement and immediate inspection
3,2003-11-23 01:46:56,0.1707678453961065,0.1260471115637858,6.336840788924665,0.0977564617490731,1.62,9.49710973981174,69.88333333333334,62.27847279358929,Critical,Plan bearing replacement and immediate inspection
3,2003-11-23 02:46:56,0.1697962106623071,0.1247067556262009,1.958722410904912,-0.0035934758654733,1.294,7.631917896909853,68.88333333333334,62.13655615936912,Critical,Plan bearing replacement and immediate inspection
3,2003-11-23 03:06:56,0.1697923740749435,0.1264188958087996,6.752210392354829,0.3085801237159467,1.774,10.46746879383501,68.55,62.27847279358929,Critical,Plan bearing replacement and immediate inspection
3,2003-11-23 04:06:56,0.1701524983069183,0.1258835374440745,17.261961248472645,-0.6592831003457179,2.455,14.467013882548493,67.55,62.593254927023175,Critical,Plan bearing replacement and immediate inspection
3,2003-11-23 05:26:56,0.1737983170295591,0.1311218487493813,8.455180954724254,0.1569633806456183,1.8615,10.714885719478588,66.21666666666667,64.74581512211323,Critical,Plan bearing replacement and immediate inspection
3,2003-11-23 05:46:56,0.1683874241602714,0.1228182390392703,1.3976880427339369,0.0042029167894892,0.995,5.910821737298107,65.88333333333334,63.7029525142319,Critical,Plan bearing replacement and immediate inspection
3,2003-11-23 05:56:56,0.1697756852296866,0.1256204892666823,5.651987618859251,0.2765895309609215,1.88,11.09280014188456,65.71666666666667,62.27847279358929,Critical,Plan bearing replacement and immediate inspection
3,2003-11-23 06:06:56,0.1695174620870035,0.1247616103766294,1.3536188577250092,0.0147931721176877,0.974,5.743750165348902,65.55,61.55738908205926,Critical,Plan bearing replacement and immediate inspection
3,2003-11-23 06:46:56,0.1683585433288065,0.1229877281463384,0.9926841126136025,0.0371962713104742,0.995,5.927631704767951,64.88333333333334,77.51840367871033,Critical,Plan bearing replacement and immediate inspection
3,2003-11-23 07:16:56,0.1750403550836694,0.1316965140474828,24.096110303712702,-0.7270614800857902,3.013,17.20341163931686,64.38333333333334,66.08094808833546,Critical,Plan bearing replacement and immediate inspection
3,2003-11-23 07:36:56,0.167701660330047,0.1231126914278037,1.165219631708157,-0.0081507569434052,1.073,6.40119944071208,64.05,73.39673379243382,Critical,Plan bearing replacement and immediate inspection
3,2003-11-23 08:06:56,0.1684021319476893,0.123964516384969,4.043334151100991,0.0303465787481073,1.5525,9.251110209426814,63.55,60.00045504584595,Critical,Plan bearing replacement and immediate inspection
3,2003-11-23 08:56:56,0.170578341539776,0.1272150215992978,4.6464882311099815,-0.0567371065703088,1.571,9.218309376330684,62.71666666666667,61.40696571195455,Critical,Plan bearing replacement and immediate inspection
3,2003-11-23 09:56:56,0.1712623628054682,0.1274814105813676,3.124811107402558,-0.1467444128366638,1.383,8.088455452082401,61.71666666666667,61.40696571195455,Critical,Plan bearing replacement and immediate inspection
3,2003-11-23 12:36:56,0.1694269881380596,0.1250753145998469,0.8830000791783299,-0.0419629349163921,0.9585,5.662643181504899,59.05,87.41136987223462,Critical,Plan bearing replacement and immediate inspection
3,2003-11-23 13:16:56,0.1708475062200123,0.1265431191135043,0.8944884005732456,-0.0234996617807622,0.847,4.969460396127447,58.38333333333333,72.7525599432954,Critical,Plan bearing replacement and immediate inspection
3,2003-11-23 13:56:56,0.1700138460756861,0.1255806003763917,1.9170819871399245,-0.0862537814330195,1.3465,7.932181694691604,57.71666666666667,61.40696571195455,Critical,Plan bearing replacement and immediate inspection
3,2003-11-23 14:26:56,0.1705544051748712,0.125841625639279,14.956979959707718,-0.4627668012700719,2.4415,14.38834919171512,57.21666666666667,62.593254927023175,Critical,Plan bearing replacement and immediate inspection
3,2003-11-23 16:26:56,0.167179048808412,0.1221522671579325,0.861773648794125,-0.0181795870639705,1.019,6.099861678571537,55.21666666666667,87.73589043636532,Critical,Plan bearing replacement and immediate inspection
3,2003-11-23 17:06:56,0.168236440083646,0.1235476084026855,0.9276420625455706,-0.0295880049395411,0.8765,5.214799118380926,54.55,84.58405975121958,Critical,Plan bearing replacement and immediate inspection
3,2003-11-23 17:26:56,0.1706701268003259,0.1257153089265192,5.727557251383338,-0.3671362753282168,2.053,12.050654124800037,54.21666666666667,62.593254927023175,Critical,Plan bearing replacement and immediate inspection
3,2003-11-23 17:36:56,0.1685654090243092,0.1245721393469399,2.376529371048827,-0.0513506275464496,1.493,8.890544323065932,54.05,61.40696571195455,Critical,Plan bearing replacement and immediate inspection
3,2003-11-23 20:21:24,0.1685963503068259,0.1231941360034853,0.5728233054659304,-0.0170479231658773,0.9645,5.713873142395979,51.30888888888889,87.75951107111491,Critical,Plan bearing replacement and immediate inspection
3,2003-11-23 20:31:24,0.1677054288300634,0.1224386062830804,0.6612773996908061,-0.0258146573848118,1.0034999999999998,6.0003117367256085,51.14222222222222,83.13401090546141,Critical,Plan bearing replacement and immediate inspection
3,2003-11-23 23:11:24,0.1742249573786568,0.1320839456655421,15.798988333277652,0.8082550307319708,2.185,12.551792565672663,48.47555555555556,64.74581512211323,Critical,Plan bearing replacement and immediate inspection
3,2003-11-23 23:41:24,0.1687733068416438,0.1241394759519685,1.0276240706265638,0.0179450516614983,1.0155,6.023287572855215,47.97555555555556,78.36470065863321,Critical,Plan bearing replacement and immediate inspection
3,2003-11-23 23:51:24,0.1714046566906525,0.1276346786065283,1.505750969180868,0.0087196664755036,1.2145,7.106680146971663,47.80888888888889,64.89192838428825,Critical,Plan bearing replacement and immediate inspection
3,2003-11-24 01:51:24,0.1722438371655801,0.1282025747780787,4.555754508381884,0.0627447402395586,1.7165,9.981044360734897,45.80888888888889,60.00045504584595,Critical,Plan bearing replacement and immediate inspection
3,2003-11-24 04:51:24,0.1811891193130212,0.139803229172786,11.37491766445779,0.4763883337877245,2.3045,12.739222317057042,42.80888888888889,61.10876995219255,Critical,Plan bearing replacement and immediate inspection
3,2003-11-24 05:01:24,0.1780586285433474,0.1362473919645176,9.768625397433334,-0.022787728702485,2.1740000000000004,12.211839723675348,42.64222222222222,58.980659749790966,Critical,Plan bearing replacement and immediate inspection
3,2003-11-24 05:21:24,0.1783579887997718,0.1369473108178821,3.292097804248229,-0.0299450235612918,1.639,9.196764782183037,42.30888888888889,60.70587146269406,Critical,Plan bearing replacement and immediate inspection
3,2003-11-24 06:21:24,0.1816473770814219,0.1412793972069383,7.106626289600255,-0.2018982633804877,2.1385,11.771490121106329,41.30888888888889,62.44390291841479,Critical,Plan bearing replacement and immediate inspection
3,2003-11-24 06:51:24,0.1764665668220966,0.1344305724537102,5.529163571052231,-0.1474751573447577,2.02,11.437902748575226,40.80888888888889,62.44390291841479,Critical,Plan bearing replacement and immediate inspection
3,2003-11-24 10:02:30,0.1809647033331616,0.1380796179046585,11.457769370612482,-0.1158316693784614,2.3805,13.154496020725984,37.62388888888889,62.44390291841479,Critical,Plan bearing replacement and immediate inspection
3,2003-11-24 13:07:32,0.1820254376416132,0.1415906584757411,18.143531459514683,-0.3023226714096144,2.777,15.222369169895956,34.54,62.44390291841479,Critical,Plan bearing replacement and immediate inspection
3,2003-11-24 14:07:32,0.1861514099506024,0.1463310144989141,19.259019230377305,0.4481766963702326,2.555,13.699468582229844,33.54,69.16199403775275,Critical,Plan bearing replacement and immediate inspection
3,2003-11-24 15:27:32,0.1807348347465321,0.1398326082362818,17.463116242686837,-0.4237873949823976,3.2485,17.964988375710714,32.20666666666666,62.44390291841479,Critical,Plan bearing replacement and immediate inspection
3,2003-11-24 16:27:32,0.1776421293732813,0.1360767013494858,1.8643214636051064,0.0347798682854576,1.2895,7.2627482720076655,31.206666666666667,60.45448690582486,Critical,Plan bearing replacement and immediate inspection
3,2003-11-24 17:17:32,0.1816984864747921,0.1412923015670827,4.835561466947901,-0.1274615919632905,1.8505,10.133146054200145,30.37333333333333,61.25761370334617,Critical,Plan bearing replacement and immediate inspection
3,2003-11-24 18:07:32,0.1797550003555372,0.1387219637594199,2.8072693046709034,0.0090773492194351,1.5964999999999998,8.878511712014374,29.54,61.39465537536705,Critical,Plan bearing replacement and immediate inspection
3,2003-11-24 19:47:32,0.178793351004555,0.1370859739809646,0.9291294849126026,0.0556870705353923,1.0425,5.8286912534268165,27.87333333333333,48.516460347708005,Critical,Plan bearing replacement and immediate inspection
3,2003-11-24 20:07:32,0.1796925684828725,0.137972552224731,1.4699176462874992,-0.0732029010851472,1.3895,7.73430978711343,27.54,59.856536384307546,Critical,Plan bearing replacement and immediate inspection
3,2003-11-24 22:47:32,0.1817361364376823,0.1406083294245197,0.847910071656344,-0.0563125568545019,1.033,5.689492311606697,24.87333333333333,51.885063310074855,Critical,Plan bearing replacement and immediate inspection
3,2003-11-24 23:17:32,0.181307307375899,0.1400096458321864,0.9370959773167435,0.0027385971631219,1.1585,6.376321818238976,24.37333333333333,52.25513758353303,Critical,Plan bearing replacement and immediate inspection
3,2003-11-25 12:07:32,0.2376806671688957,0.2078307815295118,1.8974555001471705,-0.022501892162712,1.6709999999999998,7.031335677353622,11.54,18.09885548588741,Critical,Plan bearing replacement and immediate inspection
3,2003-11-25 12:37:32,0.2407549754720205,0.2127856548999137,2.296520552722115,0.0263179062422495,1.7895,7.438653351619647,11.04,19.975628414621507,Critical,Plan bearing replacement and immediate inspection
3,2003-11-25 23:19:56,0.5109195730228404,0.4988317235379281,9.014642345427264,0.08656641351524,4.862,9.520810373872155,0.3333333333333333,16.064300589195128,Critical,Plan bearing replacement and immediate inspection
3,2003-11-25 23:39:56,0.5448053194376139,0.5308583541598235,5.085737870259578,0.0468618951347907,4.4165,8.075425571564093,0.0,15.795520865930625,Critical,Plan bearing replacement and immediate inspection
4,2003-10-22 12:59:13,0.1056730673373237,0.0627688657888642,1.1649723677628585,0.0485256327181398,0.4655,4.376750155312024,826.6786111111111,796.992876278092,Healthy,Continue operation and routine monitoring
4,2003-10-22 13:14:13,0.1112412658024759,0.0620423596040301,1.192298522382185,0.0146518003315061,0.431,3.871850706722813,826.4286111111111,867.7756096307072,Healthy,Continue operation and routine monitoring
4,2003-10-22 14:09:13,0.110826259017484,0.0634103320468063,1.4453470202047152,0.012098130334117,0.4615,4.171127572013528,825.5119444444445,858.8105237160602,Healthy,Continue operation and routine monitoring
4,2003-10-22 14:29:13,0.1138195307025583,0.0636894732625214,1.098449879799867,0.0331262707149404,0.4505,3.9491780510162497,825.1786111111111,827.5108148232157,Healthy,Continue operation and routine monitoring
4,2003-10-22 14:34:13,0.1136699682779539,0.0645445477366923,2.0387442598421384,0.0312022732016363,0.5725,5.029966149431438,825.0952777777778,916.025553073268,Healthy,Continue operation and routine monitoring
4,2003-10-22 14:59:13,0.110532654901554,0.0628501654831447,1.4660790390573577,-0.0067008238876539,0.4665,4.219046501677395,824.6786111111111,867.1400204460458,Healthy,Continue operation and routine monitoring
4,2003-10-22 15:19:13,0.1102479742651537,0.0638317598496926,1.668503643074565,0.014940615576141,0.51,4.617311280434796,824.3452777777778,885.2668072811987,Healthy,Continue operation and routine monitoring
4,2003-10-22 15:24:13,0.1128124949033451,0.0632814331539565,1.446380908323357,0.0315342878122793,0.4835,4.291187868557889,824.2619444444445,864.1690854361466,Healthy,Continue operation and routine monitoring
4,2003-10-22 17:14:13,0.1138589978425929,0.0665179243162668,0.9273247612394911,0.0359916167020974,0.4685,4.115178480854612,822.4286111111111,802.9894588245344,Healthy,Continue operation and routine monitoring
4,2003-10-22 17:24:13,0.1140921427923687,0.0658920808448541,1.4488400958560197,0.0443327657244582,0.5335,4.671393774547328,822.2619444444445,893.0144803599097,Healthy,Continue operation and routine monitoring
4,2003-10-22 17:34:13,0.1129447536062278,0.0656801117994057,0.9514739800064218,0.0177879539927785,0.4125,3.6486371750087474,822.0952777777778,825.5707304005235,Healthy,Continue operation and routine monitoring
4,2003-10-22 18:14:13,0.1140544961817293,0.0665438141174448,0.9899015430151898,-0.0431465025153696,0.4675,4.094729585920756,821.4286111111111,790.1677079649008,Healthy,Continue operation and routine monitoring
4,2003-10-22 19:54:13,0.1142571372384874,0.0670321084959326,0.840310946658636,0.0313259479660095,0.435,3.804776093614634,819.7619444444445,802.810542279934,Healthy,Continue operation and routine monitoring
4,2003-10-22 21:44:13,0.1157483715383362,0.0693434895604851,1.0564242181728116,-0.0195154833661387,0.5005,4.325661207039895,817.9286111111111,791.2007172309376,Healthy,Continue operation and routine monitoring
4,2003-10-22 22:04:13,0.1155655119482386,0.0690382469244688,1.1572021670883244,0.0424327141726396,0.4945,4.277115892101799,817.5952777777778,818.6376769054488,Healthy,Continue operation and routine monitoring
4,2003-10-22 22:44:13,0.1147863322567564,0.06788370578606,0.7887630378706425,-8.166760239149834e-06,0.471,4.101409613124738,816.9286111111111,771.4257836285672,Healthy,Continue operation and routine monitoring
4,2003-10-22 23:54:13,0.1151236201450421,0.0683373197873826,0.9361142511987128,0.0022810946469875,0.5345,4.638178171390017,815.7619444444445,777.3380923873946,Healthy,Continue operation and routine monitoring
4,2003-10-23 01:24:13,0.1151991073270574,0.0680635216068474,0.8922916741925855,-0.0316341453001404,0.4659999999999999,4.0423927207537,814.2619444444445,772.4306438766987,Healthy,Continue operation and routine monitoring
4,2003-10-23 03:14:13,0.1139558452762998,0.0665847337401225,1.1100159404497745,-0.0069516840209689,0.516,4.532490609200959,812.4286111111111,814.6218154174671,Healthy,Continue operation and routine monitoring
4,2003-10-23 04:04:13,0.114063688817187,0.0660526418265453,0.8485349116829557,-0.0120460495259341,0.4539999999999999,3.977290436019709,811.5952777777778,789.9785777263403,Healthy,Continue operation and routine monitoring
4,2003-10-23 06:14:13,0.1128296727176925,0.0646732041473647,0.9916522203938434,-0.010139243706387,0.4725,4.176825104473258,809.4286111111111,781.5501074279333,Healthy,Continue operation and routine monitoring
4,2003-10-23 06:34:13,0.113093501109012,0.0648067251474849,1.0225488828642384,0.0001123998578575,0.4944999999999999,4.366161051684967,809.0952777777778,787.2190814911047,Healthy,Continue operation and routine monitoring
4,2003-10-23 07:04:13,0.1135083710366284,0.06543613128122,1.1416396747134998,-0.0100027508226375,0.481,4.228051585107267,808.5952777777778,808.9852173155768,Healthy,Continue operation and routine monitoring
4,2003-10-23 08:04:13,0.1139100192610998,0.0656822392380831,1.149643537628258,0.026839823600945,0.52,4.555376962879745,807.5952777777778,817.639955890262,Healthy,Continue operation and routine monitoring
4,2003-10-29 15:19:46,0.1357308107217315,0.0741761395053479,1.4919389866811086,0.0297431661661211,0.516,3.797886028809115,656.3361111111111,555.897399950965,Healthy,Continue operation and routine monitoring
4,2003-10-29 15:39:46,0.1829039740961084,0.0733398324029332,1.4106983663948842,0.0554646160971882,0.5515,3.0892539462462683,656.0027777777777,655.876616530088,Healthy,Continue operation and routine monitoring
4,2003-10-29 16:09:46,0.1362511049493559,0.0755284763397767,1.6940052419567515,0.04079509708357,0.56,4.106620618351581,655.5027777777777,602.9762673491671,Healthy,Continue operation and routine monitoring
4,2003-10-29 18:09:46,0.1363204533974835,0.0757146275531408,1.6301344163339342,0.1028267436908098,0.5405,3.9624579318531774,653.5027777777777,576.7694935688619,Healthy,Continue operation and routine monitoring
4,2003-10-29 18:19:46,0.1357814793957927,0.0750758367460348,1.3255151867131367,0.0172769893273078,0.4785,3.522982616394619,653.3361111111111,540.441212680677,Healthy,Continue operation and routine monitoring
4,2003-10-29 19:09:46,0.1350207374966349,0.0740784292090829,1.399134155802654,0.0374705776160487,0.5735,4.245069150397751,652.5027777777777,564.6114143219579,Healthy,Continue operation and routine monitoring
4,2003-10-29 19:19:46,0.1352558817542968,0.0743305480433443,1.5714370057583036,0.0004455785226584,0.5760000000000001,4.256624431035846,652.3361111111111,602.0956510046948,Healthy,Continue operation and routine monitoring
4,2003-10-29 19:39:46,0.1354937298093753,0.0742607687948407,1.2907427951074666,0.0338595683311206,0.5435,4.003963204044333,652.0027777777777,432.5823103371632,Warning,Schedule bearing inspection and increase monitoring
4,2003-10-29 19:59:46,0.1367312940782965,0.0749447257174346,1.2808724639101907,-0.0190474336575366,0.5225,3.8193013850079423,651.6694444444445,438.1494881963967,Warning,Schedule bearing inspection and increase monitoring
4,2003-10-29 20:19:46,0.1356981820729598,0.0753024153612168,1.2601893939547013,-0.0131164285385701,0.5335,3.9273373576478816,651.3361111111111,424.8568290024661,Warning,Schedule bearing inspection and increase monitoring
4,2003-10-29 20:29:46,0.136357133155285,0.0743309342212944,1.3041572112974062,0.0251838659372877,0.5640000000000001,4.134555010942584,651.1694444444445,495.2987349494323,Warning,Schedule bearing inspection and increase monitoring
4,2003-10-29 20:39:46,0.1354808027470509,0.0744436336697481,1.1599664198317026,-0.020438929123848,0.498,3.677031085762363,651.0027777777777,411.9952522300979,Warning,Schedule bearing inspection and increase monitoring
4,2003-10-29 22:09:46,0.1366827604047537,0.0769628177890452,1.258722853057448,0.0066129069994329,0.56,4.0963710633090695,649.5027777777777,421.26584960079856,Warning,Schedule bearing inspection and increase monitoring
4,2003-10-29 22:29:46,0.1372081391974614,0.0757301243579711,1.410327557761577,-0.0103345663694591,0.5625,4.0973754708128105,649.1694444444445,542.2900943966681,Healthy,Continue operation and routine monitoring
4,2003-10-29 23:19:46,0.1363040007254051,0.0758448866612897,1.2974910886323512,0.0301532501118582,0.536,3.9293419693793377,648.3361111111111,487.8209434099597,Warning,Schedule bearing inspection and increase monitoring
4,2003-10-30 00:09:46,0.1361421737032676,0.0765589960361318,1.242309338698611,0.0291385212718918,0.5285,3.879831738249264,647.5027777777777,436.3273758120067,Warning,Schedule bearing inspection and increase monitoring
4,2003-10-30 00:59:46,0.137231438800886,0.0764937961260067,1.2945451940179935,-0.0073922587907005,0.5734999999999999,4.178940061547763,646.6694444444445,421.6521753697972,Warning,Schedule bearing inspection and increase monitoring
4,2003-10-30 01:59:46,0.1379392287571559,0.077265594016834,1.2111355400591697,-0.0401109642240826,0.546,3.957775432431478,645.6694444444445,384.6711862255312,Warning,Schedule bearing inspection and increase monitoring
4,2003-10-30 02:09:46,0.1366745464987581,0.076629847465248,1.0690053444096057,0.0205551629104132,0.5015000000000001,3.670246645032986,645.5027777777777,379.4783481105302,Warning,Schedule bearing inspection and increase monitoring
4,2003-10-31 01:19:46,0.1391268460041399,0.0805630430418147,1.7100340282693507,0.0129543783179716,0.6005,4.313963323149977,622.3361111111111,596.6204609108504,Healthy,Continue operation and routine monitoring
4,2003-10-31 01:49:46,0.1396726283066608,0.0810507169425333,2.2259530747620877,0.0991134779863326,0.607,4.348373731286664,621.8361111111111,583.9310206955446,Healthy,Continue operation and routine monitoring
4,2003-10-31 02:49:46,0.1394771811741458,0.0809577689588125,2.051856781303697,0.0169249195770102,0.602,4.31689904716404,620.8361111111111,615.6642741342968,Healthy,Continue operation and routine monitoring
4,2003-10-31 03:29:46,0.1403717864991765,0.0810697136227472,2.241207730536752,0.0168613881622703,0.6595,4.696355289863771,620.1694444444445,613.3738784813636,Healthy,Continue operation and routine monitoring
4,2003-10-31 03:49:46,0.1387794585251271,0.0801344529215071,1.764482828447174,-0.0757395880161546,0.6345000000000001,4.568117783646873,619.8361111111111,606.166497236774,Healthy,Continue operation and routine monitoring
4,2003-10-31 04:09:46,0.1433196717005497,0.0819526057620677,1.989383557413022,0.0593485832219276,0.6185,4.32797456627675,619.5027777777777,498.3980090266757,Warning,Schedule bearing inspection and increase monitoring
4,2003-10-31 04:19:46,0.1375702341799005,0.0782390199132122,1.6343051836032552,-0.0313975235886187,0.5954999999999999,4.323141093847964,619.3361111111111,593.1130847580454,Healthy,Continue operation and routine monitoring
4,2003-10-31 04:29:46,0.1378310251481402,0.078814413935885,1.555215342609102,0.0108090920393146,0.575,4.172261874395758,619.1694444444445,538.7335673833699,Healthy,Continue operation and routine monitoring
4,2003-10-31 04:59:46,0.1393936053363866,0.0799429166721495,1.8865323946688748,-0.0045969907508376,0.581,4.167046159948441,618.6694444444445,610.5040679794754,Healthy,Continue operation and routine monitoring
4,2003-10-31 05:49:46,0.1436272173861039,0.0796750584323315,1.8475134422036248,-0.038309577416507,0.5505,3.8350462601769344,617.8361111111111,506.5758168005264,Healthy,Continue operation and routine monitoring
4,2003-10-31 05:59:46,0.1399096600610239,0.0801992967880671,1.6584847118515316,0.0048157558807977,0.569,4.065909155490544,617.6694444444445,579.1268145646159,Healthy,Continue operation and routine monitoring
4,2003-10-31 06:29:46,0.1398509998623459,0.0804909358284277,1.6886091879564291,0.0362342083301052,0.631,4.5092518513037,617.1694444444445,557.6067172898281,Healthy,Continue operation and routine monitoring
4,2003-10-31 07:49:46,0.1401236484096849,0.0824747025395546,2.4456508577984004,0.0224937126854004,0.6325000000000001,4.5135082578479,615.8361111111111,609.4526372146511,Healthy,Continue operation and routine monitoring
4,2003-10-31 08:19:46,0.138722262758652,0.0794231668458512,1.8447162957538383,-0.0012221140441125,0.6485,4.682169955788876,615.3361111111111,612.2195707617742,Healthy,Continue operation and routine monitoring
4,2003-10-31 08:29:46,0.1382873195623581,0.0794609596370971,1.6902209857752108,-0.0254317578504644,0.581,4.200798394754527,615.1694444444445,564.9010424314348,Healthy,Continue operation and routine monitoring
4,2003-10-31 08:39:46,0.1385190557790839,0.0793774344620897,1.8621133815689368,-0.0276543061884277,0.58,4.186772981727748,615.0027777777777,616.7945573993541,Healthy,Continue operation and routine monitoring
4,2003-10-31 09:59:46,0.1399438799694307,0.0804166738696731,1.6232126407240923,0.0210111542961579,0.575,4.108186582741504,613.6694444444445,537.9955432608227,Healthy,Continue operation and routine monitoring
4,2003-10-31 12:05:51,0.1383859796102926,0.0803210503284013,1.8241396988739709,-0.0115332543846801,0.665,4.805328222134031,611.5680555555556,614.96256200742,Healthy,Continue operation and routine monitoring
4,2003-10-31 12:41:44,0.1404148174852428,0.0807355968338248,1.926593523831836,0.037791202116171,0.5955,4.243538404225311,610.97,590.9023561311506,Healthy,Continue operation and routine monitoring
4,2003-10-31 13:21:44,0.1398066860420184,0.0803234115880736,1.64422386954312,0.0153409899157298,0.56,4.006487905717784,610.3033333333333,579.1432330753554,Healthy,Continue operation and routine monitoring
4,2003-10-31 13:41:44,0.1390983365328539,0.0795727239436634,1.905743433162828,-0.0245122343297838,0.6605000000000001,4.747785884606895,609.97,612.0040800571535,Healthy,Continue operation and routine monitoring
4,2003-10-31 15:01:44,0.1399003930873071,0.0806369289432862,1.6210184568382058,-0.0033292521196837,0.553,3.9527537725729753,608.6366666666667,561.1905549432224,Healthy,Continue operation and routine monitoring
4,2003-10-31 16:21:44,0.1398327965396375,0.0804449983509585,2.3516220783135666,0.1082963889704968,0.687,4.909157288134985,607.3033333333333,547.7879469044742,Healthy,Continue operation and routine monitoring
4,2003-10-31 17:51:44,0.1398262353408014,0.0811124520647034,2.1420872663697024,0.0672701153257775,0.6114999999999999,4.372334085586122,605.8033333333333,586.7195242101735,Healthy,Continue operation and routine monitoring
4,2003-10-31 18:01:44,0.1399712345814183,0.0813457793688647,1.6841304882346315,0.0577875579171367,0.5395000000000001,3.8538577642171727,605.6366666666667,546.4907851576686,Healthy,Continue operation and routine monitoring
4,2003-10-31 19:21:44,0.1397316987065713,0.0804331045974416,1.8479313301292437,0.0234997584684116,0.6565,4.696017201080595,604.3033333333333,600.1381285102894,Healthy,Continue operation and routine monitoring
4,2003-10-31 20:01:44,0.1394642937956313,0.0803285527165565,1.7621604066163052,0.0237464776678933,0.5565,3.9906517792202743,603.6366666666667,607.2192621943384,Healthy,Continue operation and routine monitoring
4,2003-10-31 20:11:44,0.1399430105046795,0.0799930155620557,1.575149679167393,0.0349317676113521,0.5854999999999999,4.18433088519158,603.47,523.1500559269616,Healthy,Continue operation and routine monitoring
4,2003-10-31 20:31:44,0.1397855158005128,0.0809339476113283,1.7090985106730954,0.0172293582293757,0.631,4.514310601218996,603.1366666666667,592.5865711638677,Healthy,Continue operation and routine monitoring
4,2003-10-31 20:51:44,0.140639235970424,0.0817112165592293,2.1525224890809,0.0110407307248613,0.6765,4.813684451355911,602.8033333333333,613.793156706987,Healthy,Continue operation and routine monitoring
4,2003-10-31 22:31:44,0.1399515330222421,0.0811366613887007,2.1520754470526926,-0.0047625995747776,0.7395,5.281392742224389,601.1366666666667,469.45199800873627,Warning,Schedule bearing inspection and increase monitoring
4,2003-10-31 23:41:44,0.1408289219067833,0.0814448418426372,1.8355298664926791,0.0333024551386411,0.7130000000000001,5.060888603920564,599.97,576.001274688483,Healthy,Continue operation and routine monitoring
4,2003-11-01 00:11:44,0.1411907424330985,0.0817033540787263,2.00612871355586,0.0680244748866777,0.624,4.421266003021849,599.47,564.9008975674211,Healthy,Continue operation and routine monitoring
4,2003-11-01 00:21:44,0.1399114641826983,0.0813365079533246,2.1052589652309046,0.0686518257808001,0.5740000000000001,4.104057766155526,599.3033333333333,587.7924350007916,Healthy,Continue operation and routine monitoring
4,2003-11-01 01:31:44,0.1403032811427833,0.0821243109182428,1.7417274263521905,0.0297063796252606,0.6055,4.317430711208793,598.1366666666667,587.4516263110738,Healthy,Continue operation and routine monitoring
4,2003-11-01 01:41:44,0.141399630314887,0.0819269726982299,1.975798706940308,0.047451957423797,0.6325000000000001,4.473872718363452,597.97,518.3699179696779,Healthy,Continue operation and routine monitoring
4,2003-11-01 02:41:44,0.1408525564707576,0.0818735186585116,1.8110261256646032,0.0256925033393386,0.6045,4.289983751580206,596.97,596.5057033327619,Healthy,Continue operation and routine monitoring
4,2003-11-01 03:51:44,0.1394499241315637,0.0806092192988714,2.159072392786537,0.0220650895447921,0.7424999999999999,5.323731850207986,595.8033333333333,472.2802215595564,Warning,Schedule bearing inspection and increase monitoring
4,2003-11-01 04:41:44,0.1418252176680772,0.0825315260794481,1.972721102352048,0.0026379908532556,0.637,4.490120994085309,594.97,520.3844808654978,Healthy,Continue operation and routine monitoring
4,2003-11-01 05:01:44,0.1413483318866203,0.0841487280755391,2.5476569508410107,0.0286897323601443,0.7164999999999999,5.069071806756831,594.6366666666667,484.230352818788,Warning,Schedule bearing inspection and increase monitoring
4,2003-11-01 06:21:44,0.1411777958153899,0.0833498880933127,1.9004304878906937,-0.0247110258367488,0.6555,4.64311032283793,593.3033333333333,576.6764008094192,Healthy,Continue operation and routine monitoring
4,2003-11-01 07:01:44,0.1404348695153596,0.0824141387355974,2.0927253453613632,0.0019464955803447,0.6715,4.782068253989396,592.6366666666667,610.4386775841626,Healthy,Continue operation and routine monitoring
4,2003-11-01 07:11:44,0.1412554640311709,0.0816047733986428,1.6064106339170512,-0.0134837955686353,0.653,4.622733045338448,592.47,431.4249915011041,Warning,Schedule bearing inspection and increase monitoring
4,2003-11-01 07:41:44,0.1411301890600413,0.0824080544907596,1.8795400850805613,-0.0177690543357647,0.69,4.887885137144432,591.97,582.8812331030254,Healthy,Continue operation and routine monitoring
4,2003-11-01 08:41:44,0.1407781014962119,0.0829362957456043,1.8723298697882829,0.0713368476937843,0.614,4.361386324205361,590.97,575.9118545876842,Healthy,Continue operation and routine monitoring
4,2003-11-01 09:11:44,0.1423982465685589,0.0838731936353733,1.964300885178511,-0.0009164863411649,0.607,4.262799790200747,590.47,497.6210810329343,Warning,Schedule bearing inspection and increase monitoring
4,2003-11-01 09:21:44,0.1399866307880009,0.0819575028078189,1.7570884139670215,0.0018598350784313,0.602,4.300977208070123,590.3033333333333,587.9482644337725,Healthy,Continue operation and routine monitoring
4,2003-11-01 10:21:44,0.1402110941366049,0.0820066019143258,1.8239110890295136,0.0155482305043237,0.5565,3.9674254698695015,589.3033333333333,612.9114651944794,Healthy,Continue operation and routine monitoring
4,2003-11-01 10:51:44,0.1390050429334266,0.0822904996311381,2.0083523928308638,-0.0166401649573904,0.648,4.662345386974231,588.8033333333333,581.7794982207382,Healthy,Continue operation and routine monitoring
4,2003-11-01 11:11:44,0.1431163166516947,0.0809681227717755,1.8433002740903095,-0.0313902966763761,0.6935,4.84644229859586,588.47,479.9486077589005,Warning,Schedule bearing inspection and increase monitoring
4,2003-11-01 11:41:44,0.1415486216427181,0.0825405350456223,1.5995842074546358,0.0276323257458586,0.5589999999999999,3.948034424207993,587.97,419.060505983689,Warning,Schedule bearing inspection and increase monitoring
4,2003-11-01 13:01:44,0.1403049139155411,0.081860480834477,1.641778598124585,0.0389100314057603,0.6105,4.352466804866122,586.6366666666667,539.5361881981974,Healthy,Continue operation and routine monitoring
4,2003-11-01 13:41:44,0.1402569537947137,0.0836432214918799,1.8118450976935097,0.0415208901080354,0.6055,4.319321229262885,585.97,578.1544635642732,Healthy,Continue operation and routine monitoring
4,2003-11-01 14:11:44,0.1418819141301411,0.0825655173691668,1.7336752029093012,0.0180492762763668,0.587,4.137849026093887,585.47,491.5811405789439,Warning,Schedule bearing inspection and increase monitoring
4,2003-11-01 14:21:44,0.1393017327528414,0.0809035521707986,1.9055915683338869,0.0384540273706983,0.619,4.4429745770604665,585.3033333333333,596.1200126980731,Healthy,Continue operation and routine monitoring
4,2003-11-01 15:11:44,0.1406731444392385,0.0816742194007356,1.905890539547085,0.0166377303070986,0.5675,4.033407885722525,584.47,621.5266111944791,Healthy,Continue operation and routine monitoring
4,2003-11-01 15:41:44,0.1414050375838837,0.0829560100623489,1.673799914570416,0.0423967827423315,0.5735,4.052598724825873,583.97,442.0244271396351,Warning,Schedule bearing inspection and increase monitoring
4,2003-11-01 16:31:44,0.1411282215086921,0.083020796692246,1.913734974688817,0.0704281566590259,0.5895,4.17407233881992,583.1366666666667,556.226140966067,Healthy,Continue operation and routine monitoring
4,2003-11-01 17:21:44,0.1454030167478207,0.0808032895150484,1.645960570512202,0.0029281914089285,0.6485,4.454068902226151,582.3033333333333,415.9370294720442,Warning,Schedule bearing inspection and increase monitoring
4,2003-11-01 19:01:44,0.1410130126637225,0.0835427388937255,1.897533398649626,0.0248296995184787,0.6335,4.492292225255496,580.6366666666667,579.9918431255682,Healthy,Continue operation and routine monitoring
4,2003-11-01 21:31:44,0.1439510619901367,0.0827876719839052,2.2169749380720964,0.0473632727569576,0.6325,4.399814018132306,578.1366666666667,497.9570899948796,Warning,Schedule bearing inspection and increase monitoring
4,2003-11-01 21:41:44,0.1411863631943904,0.0837118130767907,1.8767994271648287,-0.0067311640212932,0.5834999999999999,4.132811667979033,577.97,579.6699761369293,Healthy,Continue operation and routine monitoring
4,2003-11-01 21:51:44,0.1466872186121321,0.0824009021520249,2.2012278524148643,0.0628434732021251,0.5894999999999999,4.023026932802481,577.8033333333333,491.8907038126346,Warning,Schedule bearing inspection and increase monitoring
4,2003-11-01 22:01:44,0.1397219012449886,0.0806056829229731,1.7746828913598791,0.0154977310235127,0.6055,4.326563928150525,577.6366666666667,594.0363560375879,Healthy,Continue operation and routine monitoring
4,2003-11-01 22:51:44,0.1409942980914076,0.0833633988318827,2.40141681746361,-0.0011976654179654,0.6125,4.339125908583362,576.8033333333333,591.0207919137114,Healthy,Continue operation and routine monitoring
4,2003-11-01 23:21:44,0.1412119362503063,0.0838035060772457,2.0747009189698105,0.0145045889951129,0.64,4.531752172851974,576.3033333333333,588.4644829866625,Healthy,Continue operation and routine monitoring
4,2003-11-01 23:41:44,0.1373183664865933,0.0823230548983792,1.601570667787955,0.0279352720970089,0.6655,4.849428035598704,575.97,530.5916904572438,Healthy,Continue operation and routine monitoring
4,2003-11-03 10:31:44,0.1396248339446339,0.0802655319012322,1.907482360556625,0.047397818081206,0.5660000000000001,4.049670011700173,541.1366666666667,589.2207248275748,Healthy,Continue operation and routine monitoring
4,2003-11-03 10:41:44,0.1391091189804385,0.0801759971055617,1.7938999719188309,-0.0027889358197062,0.5505,3.956058839126885,540.97,622.8794515759663,Healthy,Continue operation and routine monitoring
4,2003-11-03 11:11:44,0.1395662569086551,0.0807940950559063,2.2852260972756877,0.0821802901060446,0.6479999999999999,4.635587352550439,540.47,587.9041487492915,Healthy,Continue operation and routine monitoring
4,2003-11-03 11:31:44,0.1398681666158263,0.0810721865685131,2.442567389238483,0.0891803985242955,0.6435,4.591749041593166,540.1366666666667,583.9310206955446,Healthy,Continue operation and routine monitoring
4,2003-11-03 11:51:44,0.1405705982209932,0.081286390448488,2.372302024866668,0.0691064307596535,0.72,5.117799065858483,539.8033333333333,565.1430582642081,Healthy,Continue operation and routine monitoring
4,2003-11-03 12:11:44,0.1390940178091042,0.0783995658898456,1.7044951715686,0.045831621668676,0.5675,4.075127647619254,539.47,575.4227582055706,Healthy,Continue operation and routine monitoring
4,2003-11-03 12:41:44,0.1411557272136545,0.0797883651760396,1.7041180470116448,0.0336377172044241,0.5505,3.896363563413959,538.97,575.3125697129817,Healthy,Continue operation and routine monitoring
4,2003-11-03 13:41:44,0.1396160369614428,0.0803202103891616,1.874505403091496,0.1152735127874454,0.603,4.308658992274564,537.97,544.214230138099,Healthy,Continue operation and routine monitoring
4,2003-11-03 14:11:44,0.1397028158224985,0.0803174157191178,1.697803946446001,0.0862947975852785,0.5445,3.8940686900990897,537.47,568.4440776604688,Healthy,Continue operation and routine monitoring
4,2003-11-07 14:51:44,0.1394393639687794,0.0778611949649343,1.4098351355280672,0.0441864783514299,0.52,3.729621524256526,440.8033333333333,486.6401298455248,Warning,Schedule bearing inspection and increase monitoring
4,2003-11-07 15:01:44,0.1394201624709249,0.0790426064937434,1.3917422895180351,0.0438639640899898,0.5505,3.947345502846329,440.63666666666666,434.8179796431695,Warning,Schedule bearing inspection and increase monitoring
4,2003-11-07 15:11:44,0.1388358795047957,0.0780143062593819,1.400826699478234,0.0092634791111929,0.6015,4.326833594345022,440.47,463.267082768764,Warning,Schedule bearing inspection and increase monitoring
4,2003-11-07 15:31:44,0.1382567290358497,0.077754204101235,1.304997099811204,0.0327026786062771,0.614,4.427563838573026,440.13666666666666,438.3842146282616,Warning,Schedule bearing inspection and increase monitoring
4,2003-11-07 16:41:44,0.1372482479991152,0.0775004880366031,1.290318540165118,0.047018781982303,0.5615,4.0961068822312905,438.97,393.21992052375816,Warning,Schedule bearing inspection and increase monitoring
4,2003-11-07 18:11:44,0.137622052109003,0.0770331404393082,1.2113224380626133,0.0693788314377431,0.509,3.699084539382941,437.47,420.86375095142256,Warning,Schedule bearing inspection and increase monitoring
4,2003-11-07 18:51:44,0.1397217324584901,0.0785708221008777,1.5621957474301107,0.0608303110675653,0.581,4.1589435446158,436.8033333333333,498.5406096013097,Warning,Schedule bearing inspection and increase monitoring
4,2003-11-07 19:41:44,0.1388417142713456,0.0786614820958858,1.1978473623097845,0.0048758445679057,0.532,3.828772631815904,435.97,389.7734000218892,Warning,Schedule bearing inspection and increase monitoring
4,2003-11-07 22:21:44,0.1397964765061669,0.0790358673508292,1.2224271173685284,0.065630064278168,0.5569999999999999,3.986932315887657,433.3033333333333,315.1623843428404,Warning,Schedule bearing inspection and increase monitoring
4,2003-11-07 22:41:44,0.1386865347807032,0.0792472773878271,1.512756654594546,0.074960933598173,0.515,3.711155356160589,432.97,510.6793864599614,Healthy,Continue operation and routine monitoring
4,2003-11-08 11:11:44,0.1388657468371786,0.0784755100124083,1.098159927579759,0.1081470099533394,0.504,3.6261577362509376,420.47,353.0501707122821,Warning,Schedule bearing inspection and increase monitoring
4,2003-11-08 12:11:44,0.1379282974242219,0.0773555350784521,1.185211617014447,0.0382691784597963,0.6205,4.496992835219727,419.47,370.9066927470215,Warning,Schedule bearing inspection and increase monitoring
4,2003-11-08 12:31:44,0.1376936062796467,0.0771423191468663,1.337631338324822,0.0010574837104192,0.5640000000000001,4.095169489671294,419.13666666666666,480.7480167234245,Warning,Schedule bearing inspection and increase monitoring
4,2003-11-08 12:41:44,0.1384542420290343,0.0783424364428218,1.0579413532032298,0.089393300700875,0.5015000000000001,3.6209494460080736,418.97,372.1121594419545,Warning,Schedule bearing inspection and increase monitoring
4,2003-11-08 12:51:44,0.1383941568555801,0.0782383255876258,1.355266350217275,0.0173443483661041,0.5369999999999999,3.87592594090708,418.8033333333333,471.7464818544158,Warning,Schedule bearing inspection and increase monitoring
4,2003-11-08 13:31:44,0.1381907323195256,0.0781682194510972,1.1532246759430769,0.0637566634004589,0.558,4.0342809821079975,418.13666666666666,338.41007013965594,Warning,Schedule bearing inspection and increase monitoring
4,2003-11-08 13:41:44,0.137727832534223,0.0769118231723042,1.3954102709637235,0.0447883870505549,0.6225,4.523741721014463,417.97,464.111742052702,Warning,Schedule bearing inspection and increase monitoring
4,2003-11-08 17:31:44,0.137574711300154,0.0771115640186107,1.4594906805575087,0.0341808143133625,0.5920000000000001,4.297267778681173,414.13666666666666,498.0253782588606,Warning,Schedule bearing inspection and increase monitoring
4,2003-11-08 19:41:44,0.1384800585391956,0.0777243772478195,1.1144965167888667,-0.0146451421316251,0.5605,4.043648191487471,411.97,336.9791446044373,Warning,Schedule bearing inspection and increase monitoring
4,2003-11-08 20:21:44,0.1378143616068421,0.0767787875687047,0.9027843684876158,0.03321371073777,0.4875,3.534925241797321,411.3033333333333,322.56459936017825,Warning,Schedule bearing inspection and increase monitoring
4,2003-11-08 21:41:44,0.1375545913059838,0.0762898671093748,0.9868150222867328,0.0222210697718145,0.526,3.819747242986229,409.97,311.6151920999814,Warning,Schedule bearing inspection and increase monitoring
4,2003-11-08 22:31:44,0.137194152508242,0.0763566143836689,1.0932972429546344,0.0458101863498273,0.498,3.630317926608073,409.13666666666666,416.4102168432419,Warning,Schedule bearing inspection and increase monitoring
4,2003-11-08 23:01:44,0.1379982375439932,0.0774520103288989,1.341342197639972,0.0968104568571212,0.542,3.921231617909922,408.63666666666666,451.54237601596014,Warning,Schedule bearing inspection and increase monitoring
4,2003-11-08 23:11:44,0.1378543585560959,0.0775743058867149,1.041629692108094,0.0790571711394214,0.5335000000000001,3.8702100248951448,408.47,337.4593118537733,Warning,Schedule bearing inspection and increase monitoring
4,2003-11-08 23:21:44,0.137040050541606,0.0770040785097958,1.2865710229835967,0.0956654431054236,0.536,3.903802643264152,408.3033333333333,404.2887705381272,Warning,Schedule bearing inspection and increase monitoring
4,2003-11-08 23:31:44,0.136928257111285,0.0760066533580205,0.8426813427610873,0.04782141413609,0.5565,4.049714081709469,408.13666666666666,296.98402603438194,Warning,Schedule bearing inspection and increase monitoring
4,2003-11-08 23:51:44,0.1547871924542045,0.0766297652008881,1.283397945215781,0.0415836433634282,0.602,3.9380623466627007,407.8033333333333,254.86170659047687,Warning,Schedule bearing inspection and increase monitoring
4,2003-11-09 00:11:44,0.1372038308024863,0.0762546676140285,1.1090107711176305,0.0482611533947962,0.603,4.389570071549905,407.47,359.6067915221666,Warning,Schedule bearing inspection and increase monitoring
4,2003-11-09 00:41:44,0.1372241740322835,0.0759071072187716,0.910042725045354,0.0779570783977457,0.5135,3.734754508634846,406.97,330.5761179536349,Warning,Schedule bearing inspection and increase monitoring
4,2003-11-09 01:31:44,0.1380964256798578,0.0778709120808929,1.004860666355245,0.0475415184351973,0.4835,3.499265215251998,406.13666666666666,349.94747205957634,Warning,Schedule bearing inspection and increase monitoring
4,2003-11-09 02:51:44,0.1367122042701319,0.075661358371377,0.8726016642850227,0.0683519592279825,0.4995,3.652300446196248,404.8033333333333,346.15473914670304,Warning,Schedule bearing inspection and increase monitoring
4,2003-11-09 05:01:44,0.1374727424035647,0.0761147957162372,0.9712961742895172,0.0587640934459184,0.4995,3.632215882537016,402.63666666666666,363.4399922664288,Warning,Schedule bearing inspection and increase monitoring
4,2003-11-09 06:11:44,0.1372281882682974,0.0759771984594107,1.2619584872158809,0.0464659213717916,0.552,4.020412924322187,401.47,404.1110168357685,Warning,Schedule bearing inspection and increase monitoring
4,2003-11-09 06:31:44,0.1370652070987517,0.0763780735153276,1.0987228989783224,0.0017387729497723,0.5005,3.649280638531723,401.13666666666666,393.18212426112353,Warning,Schedule bearing inspection and increase monitoring
4,2003-11-09 07:51:44,0.1367847121932463,0.0757071749671956,1.0535801363427728,0.0729293711271888,0.5015000000000001,3.666876807008976,399.8033333333333,414.47338013744667,Warning,Schedule bearing inspection and increase monitoring
4,2003-11-09 08:20:39,0.1376566046344928,0.076760484460482,0.8971186778665188,0.0354823423868954,0.5165,3.7568601988204615,399.32138888888886,297.29851589345094,Warning,Schedule bearing inspection and increase monitoring
4,2003-11-09 08:55:58,0.137673750876366,0.0766514424346687,1.2032490480464355,0.0666416915522899,0.536,3.890911270935151,398.73277777777776,374.0092538164731,Warning,Schedule bearing inspection and increase monitoring
4,2003-11-09 10:05:58,0.1375635318606031,0.0765997853370929,1.2160838943390766,0.0801249780215776,0.524,3.8044166799546417,397.5661111111111,379.9629493657219,Warning,Schedule bearing inspection and increase monitoring
4,2003-11-09 13:05:58,0.1373544005382944,0.0763782486186173,1.3420459887524112,0.0744073249329702,0.515,3.744602860948846,394.5661111111111,490.1878407357217,Warning,Schedule bearing inspection and increase monitoring
4,2003-11-09 13:45:58,0.1377486690737704,0.0757603010008831,1.4171317072577518,0.0857275183530539,0.5665,4.106282439350812,393.8994444444445,469.1192891864071,Warning,Schedule bearing inspection and increase monitoring
4,2003-11-09 14:45:58,0.1382431279089829,0.076631798079889,1.312723736614458,0.0735330149575641,0.5615,4.0594281383302615,392.8994444444445,423.435231147077,Warning,Schedule bearing inspection and increase monitoring
4,2003-11-09 14:55:58,0.1367602951815508,0.0765627145346253,1.2012044343368742,0.0769505902541168,0.5505,4.025221408915519,392.73277777777776,391.7250764555062,Warning,Schedule bearing inspection and increase monitoring
4,2003-11-09 15:15:58,0.1370461227207962,0.0756070734172437,1.4110633592043782,0.047845266143861,0.521,3.800291423511896,392.3994444444445,525.1019097717383,Healthy,Continue operation and routine monitoring
4,2003-11-09 15:55:58,0.1371860077312552,0.0765952018413907,1.341861484291711,0.0297457996846518,0.5835,4.2480612000052425,391.73277777777776,501.8220139455013,Healthy,Continue operation and routine monitoring
4,2003-11-09 16:15:58,0.1379845359036271,0.075817967461955,1.1593072499382409,0.0425271493087402,0.5345,3.875933936200489,391.3994444444445,361.0148321291693,Warning,Schedule bearing inspection and increase monitoring
4,2003-11-09 16:45:58,0.1382647339950406,0.0761020602476195,1.1905425721676173,0.0648568192977451,0.5045000000000001,3.644459569052248,390.8994444444445,408.0753806793875,Warning,Schedule bearing inspection and increase monitoring
4,2003-11-09 17:05:58,0.1371478203294632,0.0766116943653105,1.0965725497092065,0.0828590109054321,0.5469999999999999,3.983291040852003,390.5661111111111,367.4992569033432,Warning,Schedule bearing inspection and increase monitoring
4,2003-11-09 17:55:58,0.1368463168115092,0.07572930958254,0.9726478010684868,0.0757881798489159,0.508,3.706903488789955,389.73277777777776,352.3038243482036,Warning,Schedule bearing inspection and increase monitoring
4,2003-11-09 18:15:58,0.1375283482036492,0.0758649749525353,1.0009861713236976,0.0743511014572392,0.536,3.891184611696927,389.3994444444445,317.72573964960765,Warning,Schedule bearing inspection and increase monitoring
4,2003-11-09 22:02:15,0.13662206221202,0.0771442730146572,1.082100318377952,0.0351162312256877,0.563,4.121547162478141,385.62805555555553,362.1350334658064,Warning,Schedule bearing inspection and increase monitoring
4,2003-11-09 22:25:58,0.1369477892386916,0.0757955857183173,1.2292395984348787,0.0482387747539331,0.492,3.588246607061805,385.23277777777776,454.303110110297,Warning,Schedule bearing inspection and increase monitoring
4,2003-11-09 22:55:58,0.1377923917567717,0.0766245040100471,1.1491803438036023,0.0496972042181168,0.5569999999999999,4.046981875924654,384.73277777777776,344.8782765434361,Warning,Schedule bearing inspection and increase monitoring
4,2003-11-09 23:45:58,0.1371919765481517,0.0760088156796782,1.0201543296393814,0.0234433065018131,0.565,4.113842267761708,383.8994444444445,322.90737689344724,Warning,Schedule bearing inspection and increase monitoring
4,2003-11-10 00:25:58,0.1366130703645639,0.075464933836101,1.230910510456662,0.0473188062329187,0.5700000000000001,4.174284802684289,383.23277777777776,402.7851569870683,Warning,Schedule bearing inspection and increase monitoring
4,2003-11-10 00:35:58,0.1382963382910541,0.0774699837532836,0.9992854171926232,0.0377299326477259,0.554,4.004367788486391,383.0661111111111,300.8012159941902,Warning,Schedule bearing inspection and increase monitoring
4,2003-11-10 06:15:58,0.1364925960795201,0.0748067521765735,1.2075353975302288,0.0419087073390007,0.4955,3.6263454111492193,377.3994444444445,434.5980405076458,Warning,Schedule bearing inspection and increase monitoring
4,2003-11-10 06:25:58,0.1366962430577084,0.0750401972153557,1.0107251264797783,0.0205733514505561,0.4735,3.4625259818509244,377.23277777777776,342.8332515046445,Warning,Schedule bearing inspection and increase monitoring
4,2003-11-10 06:45:58,0.1361033211654124,0.0742204279952589,0.8806954272680203,0.051126520178232,0.4885,3.5839248354223647,376.8994444444445,314.1209200686764,Warning,Schedule bearing inspection and increase monitoring
4,2003-11-10 07:05:58,0.1361595663803953,0.0739520232133134,1.0807455515289657,0.0469027402626972,0.558,4.099044089011492,376.5661111111111,385.0548045671456,Warning,Schedule bearing inspection and increase monitoring
4,2003-11-10 08:05:58,0.1359928473791465,0.0744148104175878,1.152225022846722,0.0510502252755372,0.544,3.997093343614,375.5661111111111,364.1505671506619,Warning,Schedule bearing inspection and increase monitoring
4,2003-11-10 08:25:58,0.1357008804274644,0.0739323775425093,0.8221213238603153,0.0647081997498864,0.4785,3.524666641919052,375.23277777777776,411.911212155537,Warning,Schedule bearing inspection and increase monitoring
4,2003-11-10 09:35:58,0.1355027722453711,0.0735703747393338,0.7955165141661267,-0.0088431625856261,0.4845,3.574496113942587,374.0661111111111,358.7930650572597,Warning,Schedule bearing inspection and increase monitoring
4,2003-11-10 09:45:58,0.1368088270982898,0.0755220362283651,0.9904708978442216,0.0326933214699017,0.5075000000000001,3.7084176370972206,373.8994444444445,344.890398430285,Warning,Schedule bearing inspection and increase monitoring
4,2003-11-10 10:35:58,0.1369790570892237,0.075144571567575,0.9695752901622444,0.063789712074454,0.5994999999999999,4.377132287436721,373.0661111111111,319.4658556597287,Warning,Schedule bearing inspection and increase monitoring
4,2003-11-10 12:35:58,0.1364693194596816,0.0753466278087275,1.2257022694204402,0.0473200269253894,0.529,3.8726412053145074,371.0661111111111,413.93246485265234,Warning,Schedule bearing inspection and increase monitoring
4,2003-11-10 13:45:58,0.1368443409327414,0.0754302654327144,0.9200346205542392,0.0329475005189024,0.516,3.761194007272457,369.8994444444445,309.0432081817231,Warning,Schedule bearing inspection and increase monitoring
4,2003-11-10 14:15:58,0.1367108820583172,0.0745891040996524,1.0815935435672015,0.060693631782983,0.543,3.965244847375847,369.3994444444445,361.5295712179276,Warning,Schedule bearing inspection and increase monitoring
4,2003-11-10 14:45:58,0.1353121340136583,0.0743890662282987,1.0530005768187876,0.0688710601414224,0.51,3.76748166554196,368.8994444444445,379.5361228321838,Warning,Schedule bearing inspection and increase monitoring
4,2003-11-10 15:25:58,0.1377261202957087,0.0769589353571426,0.9875132516929244,0.0213312628576236,0.5225,3.7949084292451225,368.23277777777776,310.61538836163146,Warning,Schedule bearing inspection and increase monitoring
4,2003-11-14 11:02:17,0.1351387581448903,0.0722413409480971,0.6603850316205941,-0.0040081098346142,0.4995,3.6933765793288456,276.6275,420.7203454990234,Warning,Schedule bearing inspection and increase monitoring
4,2003-11-14 13:52:17,0.1370079597662511,0.074148976379695,0.9069354306004752,-0.0061806317239119,0.498,3.634171263370554,273.7941666666667,292.774487403054,Warning,Schedule bearing inspection and increase monitoring
4,2003-11-14 14:42:17,0.139040618206985,0.0739139695892285,0.5149873775411293,-0.0122875378903958,0.4845,3.478717895751637,272.9608333333333,271.15183876594136,Warning,Schedule bearing inspection and increase monitoring
4,2003-11-14 15:12:17,0.1356426101952006,0.0730624845203635,0.9250722125126428,-0.0028638781308984,0.526,3.876077361304616,272.4608333333333,359.0147054714044,Warning,Schedule bearing inspection and increase monitoring
4,2003-11-14 16:02:17,0.1384725814517939,0.0753283551888215,0.8416010391566093,-0.0195849364202927,0.5125,3.6981215793813,271.6275,262.20772813521245,Warning,Schedule bearing inspection and increase monitoring
4,2003-11-14 16:52:17,0.1376795854220214,0.0755364153466011,0.9065319040178116,0.0245791903066387,0.546,3.966929535621997,270.7941666666667,286.10859005225285,Warning,Schedule bearing inspection and increase monitoring
4,2003-11-14 17:02:17,0.136663419931088,0.0745342200543654,0.8754088040803831,-0.0040107009012833,0.527,3.853400210316625,270.6275,288.3208395633459,Warning,Schedule bearing inspection and increase monitoring
4,2003-11-14 17:58:46,0.1374718021763629,0.0757579229882954,0.8173534844220287,-0.0064169006271031,0.513,3.7309020008618776,269.6861111111112,277.3700550194288,Warning,Schedule bearing inspection and increase monitoring
4,2003-11-14 18:28:46,0.1378305180182323,0.0757872231764196,0.7967476452623614,-0.0114261428830337,0.5395,3.911864397132026,269.1861111111112,261.95065499783743,Warning,Schedule bearing inspection and increase monitoring
4,2003-11-14 19:08:46,0.1383046062175857,0.0783280951900693,1.256375097043552,0.0586027331695961,0.5529999999999999,3.997129814689251,268.51944444444445,352.5438233589731,Warning,Schedule bearing inspection and increase monitoring
4,2003-11-14 19:38:46,0.137302502910672,0.0761935886637941,0.8577844875230041,-0.0039372054382345,0.5165,3.76211555269056,268.01944444444445,285.4795830620414,Warning,Schedule bearing inspection and increase monitoring
4,2003-11-14 20:48:46,0.1372930605386255,0.0767308919152622,1.120969730046277,0.0060806069776068,0.5575,4.057530596019639,266.85277777777776,368.2285381117091,Warning,Schedule bearing inspection and increase monitoring
4,2003-11-14 20:58:46,0.1383218617028572,0.0765370634300043,0.8883045888648768,-0.0231946633121989,0.5309999999999999,3.835382396272832,266.6861111111112,258.10761312755017,Warning,Schedule bearing inspection and increase monitoring
4,2003-11-14 21:28:46,0.1288350458368794,0.076085005063732,0.7828594829364532,-0.0371588448800448,0.4845,3.7795448660793696,266.1861111111112,249.053826038438,Warning,Schedule bearing inspection and increase monitoring
4,2003-11-14 21:48:46,0.1343129572253273,0.0771514231812067,1.1137815261451434,0.0369909631506119,0.5675,4.23068402584,265.85277777777776,352.0593841483585,Warning,Schedule bearing inspection and increase monitoring
4,2003-11-14 21:58:46,0.1372494652169686,0.0754139560114688,0.8788578020639264,-0.0095548875882189,0.5115,3.724823965150641,265.6861111111112,270.5661523353985,Warning,Schedule bearing inspection and increase monitoring
4,2003-11-14 22:18:46,0.1360859611614529,0.0769555586709644,0.8702039915306421,-0.0009896406816112,0.476,3.498058929333236,265.35277777777776,281.2020495392545,Warning,Schedule bearing inspection and increase monitoring
4,2003-11-15 02:08:46,0.1319228598017923,0.0771818716555601,0.9552475278433092,0.0324177967936063,0.5135000000000001,3.8986276944862848,261.51944444444445,587.5127327402605,Healthy,Continue operation and routine monitoring
4,2003-11-15 02:18:46,0.1330893261129626,0.0778480837902568,1.0323367635217968,0.0598460899667264,0.503,3.7850247018361705,261.35277777777776,599.7863905174526,Healthy,Continue operation and routine monitoring
4,2003-11-15 04:18:46,0.1366466959597745,0.0755137419749362,0.9522623756249544,-0.0053424338173152,0.582,4.252114970076496,259.35277777777776,312.3353380190754,Warning,Schedule bearing inspection and increase monitoring
4,2003-11-15 04:48:46,0.1383422325948544,0.077473652349718,0.8546794052303135,0.019767424175013,0.505,3.652169526563143,258.85277777777776,274.51071386797275,Warning,Schedule bearing inspection and increase monitoring
4,2003-11-15 05:08:46,0.1382031405270654,0.0771783030785782,1.058984478427369,0.0106650706462762,0.509,3.681645819476336,258.51944444444445,362.5103753073874,Warning,Schedule bearing inspection and increase monitoring
4,2003-11-15 06:08:46,0.1367406951256674,0.0746021794418443,0.7652826734855134,-0.0169885754435205,0.541,3.958277192660223,257.51944444444445,254.44452413403852,Warning,Schedule bearing inspection and increase monitoring
4,2003-11-15 06:18:46,0.1364056982891514,0.075864921810712,0.9643163699573984,0.0228774725468724,0.5345,3.916357264127352,257.35277777777776,318.847757176617,Warning,Schedule bearing inspection and increase monitoring
4,2003-11-15 07:18:46,0.1355066957828262,0.075559784287235,0.7057309404095709,0.0071560783882753,0.492,3.630706213922642,256.35277777777776,250.6244123139396,Warning,Schedule bearing inspection and increase monitoring
4,2003-11-15 09:38:46,0.1362455192321731,0.0740801143588659,0.9057203237782524,0.0345561634281119,0.496,3.636372159082832,254.01944444444445,346.5900030118394,Warning,Schedule bearing inspection and increase monitoring
4,2003-11-15 10:08:46,0.135685421900005,0.0742494577807137,0.92844223562042,-0.0010089430812242,0.5725,4.223980408473015,253.51944444444445,307.94167183279814,Warning,Schedule bearing inspection and increase monitoring
4,2003-11-15 10:28:46,0.1380263514242323,0.0752410319210821,0.9417482180207386,0.0290933549259746,0.5435,3.9416452096184633,253.1861111111111,292.99127313890017,Warning,Schedule bearing inspection and increase monitoring
4,2003-11-15 10:38:46,0.1332427835254499,0.075330472242177,0.8217572220214182,-0.0070343585221421,0.4905,3.682391934548333,253.01944444444445,549.2487012425382,Healthy,Continue operation and routine monitoring
4,2003-11-15 12:28:46,0.1371949405613149,0.0752000250434881,0.8403208113838221,0.0336879771835319,0.5435000000000001,3.960961985693122,251.1861111111111,285.3005458492576,Warning,Schedule bearing inspection and increase monitoring
4,2003-11-15 13:58:46,0.1372179276108947,0.0769775308835594,0.8093181039761199,0.0174753914413902,0.5615,4.091429750241525,249.6861111111111,272.1510980787108,Warning,Schedule bearing inspection and increase monitoring
4,2003-11-15 14:18:46,0.1376535395730864,0.0763087095391149,0.6325903100585721,0.0215451468191862,0.5275000000000001,3.835737633037844,249.3527777777778,274.94685434655776,Warning,Schedule bearing inspection and increase monitoring
4,2003-11-15 14:58:46,0.1369784728039228,0.0758939901490749,0.6484680769624604,0.0103758909739809,0.542,3.95700347038599,248.6861111111111,275.1117717962956,Warning,Schedule bearing inspection and increase monitoring
4,2003-11-15 15:38:46,0.137938327995942,0.0765981649968431,0.9759950734519992,-0.033259259117229,0.5635,4.083984284450968,248.01944444444445,285.0135083151674,Warning,Schedule bearing inspection and increase monitoring
4,2003-11-15 16:38:46,0.1345303883441792,0.0763681994158799,0.7342158758493207,-0.0054116730921984,0.4715,3.5072182383303367,247.01944444444445,248.31032706619183,Warning,Schedule bearing inspection and increase monitoring
4,2003-11-15 16:48:46,0.1376194499355416,0.076301263732577,0.7596864003282509,-0.0031122846087631,0.4785,3.477137134599265,246.8527777777778,262.42777756855105,Warning,Schedule bearing inspection and increase monitoring
4,2003-11-15 17:28:46,0.1383289827904303,0.076073933419735,0.9038076424810676,0.0052935333296737,0.558,4.029825791779507,246.1861111111111,276.4205656690342,Warning,Schedule bearing inspection and increase monitoring
4,2003-11-15 20:38:46,0.1372406447117671,0.07639279500303,0.8754194082205973,0.0110054534319665,0.542,3.947222260746832,243.01944444444445,285.3033148461161,Warning,Schedule bearing inspection and increase monitoring
4,2003-11-15 21:58:46,0.1381150416276079,0.0767073058804789,0.6663421135677581,-0.0098035210206382,0.5105,3.6965834015766954,241.6861111111111,240.04913889001276,Warning,Schedule bearing inspection and increase monitoring
4,2003-11-15 22:38:46,0.1363442423608232,0.0754591757380473,0.797573781486214,0.0160326315775707,0.502,3.678218993213308,241.01944444444445,257.0045633839903,Warning,Schedule bearing inspection and increase monitoring
4,2003-11-15 23:28:46,0.1380021577961828,0.0756300224797754,0.9518140792919928,0.0099887793951668,0.5115000000000001,3.706208268272383,240.1861111111111,306.0457932017457,Warning,Schedule bearing inspection and increase monitoring
4,2003-11-16 00:08:46,0.137258971279966,0.0764310335621963,0.8048017867539616,-0.0002299118530501,0.548,3.9931108616962567,239.51944444444445,266.5424130901552,Warning,Schedule bearing inspection and increase monitoring
4,2003-11-16 00:18:46,0.1366645473937277,0.07516198230964,0.9925003748545168,0.02847921593582,0.5505,4.025761142735531,239.3527777777778,314.18323637692515,Warning,Schedule bearing inspection and increase monitoring
4,2003-11-16 04:38:46,0.1361831985293021,0.0753800239223474,0.7084254130499688,-0.027261473316481,0.497,3.648929592832889,235.01944444444445,238.08995428327825,Warning,Schedule bearing inspection and increase monitoring
4,2003-11-16 04:48:46,0.1378593046897485,0.0764718572473072,1.0498792532759915,-0.0520878856239513,0.643,4.653013802238855,234.8527777777778,316.3939686189905,Warning,Schedule bearing inspection and increase monitoring
4,2003-11-16 05:18:46,0.1410387574233175,0.0767804696692468,0.7893078283201096,-0.0228420526929142,0.5715,4.042668905942408,234.3527777777778,224.4800459857965,Warning,Schedule bearing inspection and increase monitoring
4,2003-11-16 05:48:46,0.1362386981988111,0.0764767383674491,0.743122124370456,-0.012170785092245,0.5285,3.878902073393445,233.8527777777778,258.3651635741014,Warning,Schedule bearing inspection and increase monitoring
4,2003-11-16 13:08:46,0.1365343865676518,0.0748449010269373,0.8723232603436037,-0.0164668879964627,0.5715,4.177699405515607,226.51944444444445,267.2163881891764,Warning,Schedule bearing inspection and increase monitoring
4,2003-11-16 13:58:46,0.1358488361076285,0.0759291224440051,0.6333817182772381,0.0029621098687954,0.5385,3.9632623226468446,225.6861111111111,270.69098047133946,Warning,Schedule bearing inspection and increase monitoring
4,2003-11-16 15:58:46,0.13878512149145,0.0769647345693217,0.7665746631574752,-0.0177747487657719,0.554,3.993676409209028,223.6861111111111,257.507139948806,Warning,Schedule bearing inspection and increase monitoring
4,2003-11-16 16:08:46,0.1372655696332034,0.0764695358740838,0.8157905527721154,-0.0605183209434296,0.592,4.3094109881218445,223.51944444444445,269.57477975391214,Warning,Schedule bearing inspection and increase monitoring
4,2003-11-16 16:58:46,0.1403030575449418,0.076315179169541,0.8444859594755465,-0.0057559684883383,0.5545,3.953057421804498,222.6861111111111,244.8805671843678,Warning,Schedule bearing inspection and increase monitoring
4,2003-11-16 17:18:46,0.1312108356897712,0.0769602105228707,0.6765052173282389,-0.0139626124391474,0.5529999999999999,4.19769332251778,222.3527777777778,536.1682458946599,Healthy,Continue operation and routine monitoring
4,2003-11-16 18:28:46,0.1393989017601053,0.0783082772466524,1.07035235048884,0.0310433765796519,0.5675,4.070577037102018,221.1861111111111,295.0166716681237,Warning,Schedule bearing inspection and increase monitoring
4,2003-11-16 18:48:46,0.1366373171709518,0.0763463993383783,0.7225127771432851,-0.0013267752028598,0.5005,3.662012196119848,220.8527777777778,253.94263082645028,Warning,Schedule bearing inspection and increase monitoring
4,2003-11-16 19:08:46,0.1336848791430714,0.0766258963498557,0.7888392822269821,0.0081651975940474,0.516,3.859384738078108,220.51944444444445,524.1173921319496,Healthy,Continue operation and routine monitoring
4,2003-11-16 19:18:46,0.1383311966029452,0.0760539683453416,1.043301141326362,-0.0003286105536872,0.5775,4.160837091626484,220.3527777777778,318.3775547041609,Warning,Schedule bearing inspection and increase monitoring
4,2003-11-16 20:18:46,0.1360636363181508,0.0761702034182913,0.6935201279077365,0.0029394456828947,0.5285,3.885563346266715,219.3527777777778,266.32567503020766,Warning,Schedule bearing inspection and increase monitoring
4,2003-11-17 10:22:30,0.1412279735874105,0.0822890105735608,1.143432937038062,-0.0081756820127582,0.587,4.15517201424505,205.2905555555556,258.1318389832376,Warning,Schedule bearing inspection and increase monitoring
4,2003-11-17 13:02:30,0.1397088859152693,0.0811528501706594,0.8662065486698127,0.0224033154134611,0.5055000000000001,3.6179174516300128,202.6238888888889,215.5010481621174,Warning,Schedule bearing inspection and increase monitoring
4,2003-11-17 14:32:30,0.1435076279688465,0.0823968760718638,1.0420234507302693,0.0142255579284519,0.5215000000000001,3.636742883039273,201.1238888888889,189.08536292220344,Warning,Schedule bearing inspection and increase monitoring
4,2003-11-17 17:02:30,0.1423798511591001,0.0839894176881056,1.443279950620815,0.0094447472975978,0.64,4.494717323352294,198.6238888888889,320.01712974607494,Warning,Schedule bearing inspection and increase monitoring
4,2003-11-17 17:52:30,0.1449203676246415,0.0851244951297195,1.2785350270943838,0.0073005735332668,0.6105,4.213105681951745,197.7905555555556,201.91145175021865,Warning,Schedule bearing inspection and increase monitoring
4,2003-11-17 18:22:30,0.1423937401645195,0.084694414903752,1.4026678913809525,0.0098844022747949,0.723,5.077928062700547,197.2905555555556,266.4187815833294,Warning,Schedule bearing inspection and increase monitoring
4,2003-11-17 18:32:30,0.1410891220942113,0.0837874918248078,1.1730363458707478,0.0161868044212558,0.6425000000000001,4.556510408223914,197.1238888888889,266.6135028915202,Warning,Schedule bearing inspection and increase monitoring
4,2003-11-17 20:32:30,0.1425707712781027,0.0856204995235007,0.9653530277576896,0.0317282079848743,0.614,4.306972317457088,195.1238888888889,197.42241692994304,Warning,Schedule bearing inspection and increase monitoring
4,2003-11-17 21:52:30,0.1401571030092267,0.0845149395385331,1.3462376428890566,0.0115414591477246,0.5905,4.213643335883885,193.7905555555556,380.9511200859926,Warning,Schedule bearing inspection and increase monitoring
4,2003-11-17 22:02:30,0.1409023243991053,0.0852346048993284,1.069365149624694,-0.0239195204199056,0.5894999999999999,4.1836477699079495,193.6238888888889,236.94109357517831,Warning,Schedule bearing inspection and increase monitoring
4,2003-11-17 23:22:30,0.1419852990360572,0.0835737783163303,1.0037322161770037,-0.0161672724550045,0.6005,4.229160909151048,192.2905555555556,205.6277796906677,Warning,Schedule bearing inspection and increase monitoring
4,2003-11-18 02:32:30,0.139949925949629,0.0837574661120377,0.9832248860831444,0.0045310734770758,0.591,4.233994692489732,189.1238888888889,234.3281520763383,Warning,Schedule bearing inspection and increase monitoring
4,2003-11-18 03:32:30,0.142636525505449,0.0842776564489197,0.9882377829256626,0.0512387934744544,0.5469999999999999,3.8349197520452663,188.1238888888889,200.8541830006061,Warning,Schedule bearing inspection and increase monitoring
4,2003-11-18 04:32:30,0.1420155668071533,0.0829852560606396,1.04921384628517,0.0077479831863024,0.5345,3.762745126143839,187.1238888888889,203.75170811389648,Warning,Schedule bearing inspection and increase monitoring
4,2003-11-18 06:42:30,0.1414358401587442,0.0823177380096848,1.02290521127123,0.0219920904542165,0.5445,3.8498518999074447,184.9572222222222,205.22861090107347,Warning,Schedule bearing inspection and increase monitoring
4,2003-11-18 06:52:30,0.1408250430337385,0.0827428417211344,1.037861704900343,0.0779563337810766,0.5700000000000001,4.047608047969343,184.7905555555556,243.1667052965849,Warning,Schedule bearing inspection and increase monitoring
4,2003-11-18 07:12:30,0.1409488140275521,0.0815510544163754,0.877342232747681,-0.0419309177578705,0.5375,3.813708227186357,184.4572222222222,231.18770384384496,Warning,Schedule bearing inspection and increase monitoring
4,2003-11-18 07:22:30,0.1412985669954085,0.0833900065983237,1.1562225257861427,0.0337963785377846,0.5615,3.974277220819899,184.2905555555556,215.4658314341932,Warning,Schedule bearing inspection and increase monitoring
4,2003-11-18 07:32:30,0.1398095465899834,0.0810314122675032,0.9288945493565952,0.0429145168774342,0.5615,4.018930104647422,184.1238888888889,240.2741911787948,Warning,Schedule bearing inspection and increase monitoring
4,2003-11-18 09:22:30,0.1410268475263622,0.0822231954498759,0.7891319809783692,0.0095327988365484,0.5275000000000001,3.740235025278872,182.2905555555556,194.3568774945808,Warning,Schedule bearing inspection and increase monitoring
4,2003-11-18 09:32:30,0.1419432637864549,0.0834584060701513,0.7818413906589483,-0.0029897544288525,0.535,3.768635723155632,182.1238888888889,198.09685121739943,Warning,Schedule bearing inspection and increase monitoring
4,2003-11-18 10:02:30,0.1413504821227613,0.0824937698459926,0.8207108214692489,-0.0088145627801132,0.575,4.067611391514431,181.6238888888889,211.0517847989561,Warning,Schedule bearing inspection and increase monitoring
4,2003-11-18 10:12:30,0.1431405042464986,0.0844138281152979,1.1505704651369468,0.0503805416892877,0.5980000000000001,4.178777066238078,181.4572222222222,202.91110649793856,Warning,Schedule bearing inspection and increase monitoring
4,2003-11-18 10:22:30,0.1409473004640523,0.0831904544592309,1.2032412603125155,0.0403486021015914,0.679,4.814005717021235,181.2905555555556,289.9397891356975,Warning,Schedule bearing inspection and increase monitoring
4,2003-11-18 11:02:30,0.1399172584425085,0.081071016219322,0.7588616746012868,0.0050562911699674,0.488,3.4878529004069776,180.6238888888889,220.80886800412904,Warning,Schedule bearing inspection and increase monitoring
4,2003-11-18 11:12:30,0.1417254979631831,0.0815613308417713,0.9302144943440024,-0.0040007114334799,0.5529999999999999,3.9014333588785854,180.4572222222222,207.45705119784165,Warning,Schedule bearing inspection and increase monitoring
4,2003-11-18 12:42:30,0.1424966419889348,0.0842196479334027,1.1346601146853557,-0.0117274253680311,0.6615,4.642422636462824,178.9572222222222,204.2861944431259,Warning,Schedule bearing inspection and increase monitoring
4,2003-11-18 14:02:30,0.1405674768697496,0.0817769715492228,0.6889598613112484,0.0029056593010927,0.5875,4.18355978199958,177.6238888888889,237.6728931661706,Warning,Schedule bearing inspection and increase monitoring
4,2003-11-18 14:32:30,0.1404512235161555,0.0822288626452961,0.8303884777453205,-0.0135538675315382,0.535,3.8084630710728673,177.1238888888889,230.83977614583952,Warning,Schedule bearing inspection and increase monitoring
4,2003-11-18 18:32:30,0.1427885620552378,0.085040106680625,1.1580053251159073,0.0042859260621312,0.6639999999999999,4.6521269659854525,173.1238888888889,204.6881849043874,Warning,Schedule bearing inspection and increase monitoring
4,2003-11-18 19:12:30,0.1426507528641891,0.0849817790138597,0.8179256739253542,-0.0002315524638363,0.6125,4.29552933966611,172.4572222222222,199.36914707430248,Warning,Schedule bearing inspection and increase monitoring
4,2003-11-19 11:04:17,0.1440137108024975,0.0889632582326936,2.897764799981825,0.0384702486670615,0.9375,6.511714176245329,156.59416666666667,155.97152575572323,Warning,Schedule bearing inspection and increase monitoring
4,2003-11-19 11:06:07,0.1433988034535801,0.0869411774993886,1.5335014313412525,0.0311575143059009,0.7825,5.457652617044811,156.5636111111111,135.06190255776335,Warning,Schedule bearing inspection and increase monitoring
4,2003-11-19 11:26:07,0.1439196362170111,0.0875506777652997,2.262519818278303,-0.0533077595159737,0.879,6.116134781688199,156.2302777777778,157.3780364218319,Warning,Schedule bearing inspection and increase monitoring
4,2003-11-19 12:26:07,0.1445866974512377,0.087874722860251,1.6806335769893057,0.0087142931406573,0.8145,5.628991696499551,155.2302777777778,139.11102060780527,Warning,Schedule bearing inspection and increase monitoring
4,2003-11-19 13:46:07,0.1440669811920091,0.0876523086631338,2.6267326420981627,-0.0319740795647815,0.9315,6.465720356829206,153.89694444444444,156.82629418117975,Warning,Schedule bearing inspection and increase monitoring
4,2003-11-19 14:06:07,0.1453455837370724,0.0876968658091655,2.0300240347865004,0.1166063209136685,0.74,5.094058788674562,153.5636111111111,212.774860503352,Warning,Schedule bearing inspection and increase monitoring
4,2003-11-19 16:06:07,0.1450214950180868,0.0869861764448755,2.7021756041774694,0.1386957077297098,0.8205,5.657618647339092,151.5636111111111,155.16817998018178,Warning,Schedule bearing inspection and increase monitoring
4,2003-11-19 16:16:07,0.1431735721620045,0.0864622028313245,2.2771525882055204,0.0369147278629193,0.7825,5.470688946941591,151.39694444444444,161.65765721516718,Warning,Schedule bearing inspection and increase monitoring
4,2003-11-19 16:46:07,0.1443738656128479,0.0878049637676167,1.9154409244815345,0.0305950085815433,0.718,4.974158893202283,150.89694444444444,285.7409578605932,Warning,Schedule bearing inspection and increase monitoring
4,2003-11-19 18:26:07,0.1447376167462276,0.0884464752479669,2.598959218417364,0.0715215252505351,0.9105,6.292322741199389,149.2302777777778,155.20853805272887,Warning,Schedule bearing inspection and increase monitoring
4,2003-11-19 20:06:07,0.145016792107802,0.0889087460730275,2.5707363657015447,0.0366734181741095,0.8705,6.01951625395578,147.5636111111111,155.20853805272887,Warning,Schedule bearing inspection and increase monitoring
4,2003-11-19 20:56:07,0.1420178782548302,0.088169715727049,2.119363997409434,-0.0267174066187263,1.013,7.15049042073812,146.7302777777778,174.58952396961186,Warning,Schedule bearing inspection and increase monitoring
4,2003-11-19 21:06:07,0.1453500229299022,0.0904137487402182,2.254521181913713,0.0099779139206405,0.9045,6.22258960439162,146.5636111111111,154.34769737430494,Warning,Schedule bearing inspection and increase monitoring
4,2003-11-19 22:16:07,0.1447851380596393,0.0898239515477578,1.9595647868715835,0.0446980605756429,0.892,6.16948523646095,145.39694444444444,155.20853805272887,Warning,Schedule bearing inspection and increase monitoring
4,2003-11-20 12:44:03,0.147350851633504,0.092701427334518,1.3407871103461688,0.0064923716050058,0.835,5.66660201466229,130.93138888888888,96.87974924064638,Critical,Plan bearing replacement and immediate inspection
4,2003-11-20 12:59:03,0.1489943648106624,0.0934296402084956,1.7543812379752215,-0.0051817098343934,0.808,5.424798738980927,130.68138888888888,137.7400946752081,Warning,Schedule bearing inspection and increase monitoring
4,2003-11-20 13:39:03,0.1489910553415276,0.0945941217671005,2.014514095968869,-0.043809738182806,0.8915,6.003856622016262,130.01472222222222,133.720259756689,Warning,Schedule bearing inspection and increase monitoring
4,2003-11-20 13:54:03,0.1487015787972779,0.0940073486235704,1.4432194840882229,0.0078187448726872,0.687,4.612259961120176,129.76472222222222,183.07344263179223,Warning,Schedule bearing inspection and increase monitoring
4,2003-11-20 13:59:03,0.1476324215867242,0.0926678105017254,1.9218161311516504,-0.0160770144994479,0.8875,6.042444032587003,129.68138888888888,140.52263149576046,Warning,Schedule bearing inspection and increase monitoring
4,2003-11-20 14:04:03,0.1478335832714777,0.0931446732228979,1.30469356049243,-0.0359291936646142,0.7455,5.048095766012375,129.59805555555556,129.8625275531197,Warning,Schedule bearing inspection and increase monitoring
4,2003-11-20 14:19:03,0.1474697632832163,0.0914757864006902,0.9733171511892444,-0.0163107198032949,0.7124999999999999,4.834441271995591,129.34805555555556,195.28667083748368,Warning,Schedule bearing inspection and increase monitoring
4,2003-11-20 14:49:03,0.1475928791302204,0.0933771300009772,1.4047784767961335,-0.0047325853989721,0.8115,5.520067267584158,128.84805555555556,104.96803153034536,Warning,Schedule bearing inspection and increase monitoring
4,2003-11-20 14:59:03,0.1490699571878769,0.0948849770194444,1.3566955751869578,-0.0468019773710588,0.8300000000000001,5.573114506855085,128.68138888888888,97.29275416048702,Critical,Plan bearing replacement and immediate inspection
4,2003-11-20 15:04:03,0.1489897001385315,0.0958543784592942,2.2801435340999903,-0.0279124566696251,0.8455,5.700585249612825,128.59805555555556,135.62703770356458,Warning,Schedule bearing inspection and increase monitoring
4,2003-11-20 15:24:03,0.148182839316459,0.0945254470155237,1.7454010161216886,0.0042638381418985,0.874,5.916842027001019,128.26472222222222,134.55634698034223,Warning,Schedule bearing inspection and increase monitoring
4,2003-11-20 15:34:03,0.1494528020834337,0.0956583607381837,1.9817383519182092,0.0060980023861032,0.8545,5.727707009088057,128.09805555555556,133.85730142870983,Warning,Schedule bearing inspection and increase monitoring
4,2003-11-20 15:59:03,0.1496627896679136,0.095888669009087,1.5801551109756535,-0.0467858598829981,0.8105,5.43805445427358,127.68138888888888,120.49396786810016,Warning,Schedule bearing inspection and increase monitoring
4,2003-11-20 17:04:03,0.1496393613035909,0.0966815913483608,2.2109691057788345,-0.0334733799951226,0.826,5.531634637432759,126.59805555555556,138.7040241636195,Warning,Schedule bearing inspection and increase monitoring
4,2003-11-20 17:14:03,0.1505984170564521,0.0968348801272962,1.3034015241975316,-0.0151658619796851,0.6555,4.352206275186137,126.43138888888888,158.96782375689503,Warning,Schedule bearing inspection and increase monitoring
4,2003-11-20 17:39:03,0.1498680625672653,0.0973977300957099,1.836268344239575,-0.0395642298404516,0.7410000000000001,4.951067777724566,126.01472222222222,172.2290175432829,Warning,Schedule bearing inspection and increase monitoring
4,2003-11-20 17:44:03,0.1503554078586353,0.0967760170890826,1.446466808992926,0.047530706452651,0.713,4.742499182535044,125.93138888888888,187.99579299357995,Warning,Schedule bearing inspection and increase monitoring
4,2003-11-20 18:19:03,0.1497214900680937,0.0976840635393288,1.9998001274059785,0.0230265153384492,0.8435,5.627435958897152,125.34805555555556,134.77226927810807,Warning,Schedule bearing inspection and increase monitoring
4,2003-11-20 18:34:03,0.1509500857836511,0.0980287094724702,2.0363020774533283,0.0432380792395292,0.8400000000000001,5.576709618335898,125.09805555555556,134.77226927810807,Warning,Schedule bearing inspection and increase monitoring
4,2003-11-20 19:24:03,0.1512676500384443,0.0989342960930418,2.0911705845748947,0.0659238373018159,0.796,5.273389157561496,124.26472222222222,134.6046462076958,Warning,Schedule bearing inspection and increase monitoring
4,2003-11-20 19:59:03,0.1512322245160746,0.0988277059454967,1.5864466550773173,0.0284729566536895,0.7845,5.187489986986728,123.68138888888888,123.18030620018028,Warning,Schedule bearing inspection and increase monitoring
4,2003-11-20 20:04:03,0.1512467709124314,0.0989802317649323,1.8133862423058675,0.049007161658969,0.7455,4.928796551629644,123.59805555555556,186.32500687908276,Warning,Schedule bearing inspection and increase monitoring
4,2003-11-20 20:19:03,0.1541549056061258,0.1035288785314429,2.673073550029782,0.051679757276615,0.8315,5.391116706921972,123.34805555555556,134.5989042447589,Warning,Schedule bearing inspection and increase monitoring
4,2003-11-20 20:34:03,0.1542937171114503,0.1037534318427796,2.1015231028573207,-0.0015259051146175,0.7785,5.04968833643343,123.09805555555556,145.53419123051953,Warning,Schedule bearing inspection and increase monitoring
4,2003-11-20 23:44:03,0.1570497294308282,0.1068982803941011,6.818963143278607,-0.041426535838122,1.2675,8.075656419316182,119.93138888888888,108.3764164384815,Warning,Schedule bearing inspection and increase monitoring
4,2003-11-21 01:14:03,0.1599520021648552,0.1090294326667549,5.779969040490466,0.0362095945367628,1.2,7.509075165929156,118.43138888888888,145.27741040321115,Warning,Schedule bearing inspection and increase monitoring
4,2003-11-21 01:54:03,0.1565134119040736,0.1071358051240033,6.752791526312112,0.2389118672393661,1.121,7.165623919005985,117.76472222222222,104.18140225774395,Warning,Schedule bearing inspection and increase monitoring
4,2003-11-21 02:44:03,0.1585089383680318,0.1096658165061517,8.221215545120868,0.0034579933593028,1.32,8.324857948671475,116.93138888888888,163.59902951477622,Warning,Schedule bearing inspection and increase monitoring
4,2003-11-21 02:54:03,0.1584159742970701,0.1093431938005727,4.683600265269629,0.044962773046235,1.096,6.916150304782036,116.76472222222222,184.6803496029784,Warning,Schedule bearing inspection and increase monitoring
4,2003-11-21 03:44:03,0.1587465289170606,0.1100543538961204,5.715834180936478,-0.0175140525628947,1.2695,8.006675577287659,115.93138888888888,164.22900203275444,Warning,Schedule bearing inspection and increase monitoring
4,2003-11-21 04:24:03,0.1605448700726166,0.1124536013322501,7.189721065208304,-0.1440626124839681,1.3424999999999998,8.362815512798544,115.26472222222222,160.87960414617595,Warning,Schedule bearing inspection and increase monitoring
4,2003-11-21 04:54:03,0.1610937355104977,0.1135926361764496,7.1557490431001325,0.0815198920879049,1.262,7.834736236041948,114.76472222222222,143.14205133479956,Warning,Schedule bearing inspection and increase monitoring
4,2003-11-21 06:14:03,0.1618474913229658,0.1144887073621414,6.278813112408662,-0.0890128656732603,1.25,7.725931452671543,113.43138888888888,159.19936504033151,Warning,Schedule bearing inspection and increase monitoring
4,2003-11-21 07:54:03,0.1603835737402013,0.1125859609657296,7.57668811136206,0.1236284705485211,1.2485,7.781617852370234,111.76472222222222,192.51735058255,Warning,Schedule bearing inspection and increase monitoring
4,2003-11-21 10:48:36,0.1706141283292533,0.126260178807556,11.267437011598153,-0.135022401094434,1.6175,9.471260239490412,108.85555555555555,62.593254927023175,Critical,Plan bearing replacement and immediate inspection
4,2003-11-21 12:18:36,0.1747943150360003,0.1318431377758772,12.35130803266716,0.127648216158049,1.8765,10.71259542799051,107.35555555555555,64.74581512211323,Critical,Plan bearing replacement and immediate inspection
4,2003-11-21 12:58:36,0.171477351321817,0.126999265849882,11.4172557664571,0.0114970712580042,1.6845,9.8330863327242,106.68888888888888,62.216321321109135,Critical,Plan bearing replacement and immediate inspection
4,2003-11-21 18:46:56,0.171952217900295,0.1278866672442848,6.412187303192583,-0.0538987643376089,1.5635,9.085052973886556,100.88333333333334,62.593254927023175,Critical,Plan bearing replacement and immediate inspection
4,2003-11-21 18:56:56,0.1747918651945311,0.1306831862872121,5.952807129491369,0.0580456426024151,1.517,8.660125720557637,100.71666666666668,64.67443742222686,Critical,Plan bearing replacement and immediate inspection
4,2003-11-21 19:16:56,0.1726764582338764,0.1296222681552047,6.806397578168086,0.0563149977035511,1.3845,7.997673776740557,100.38333333333334,61.186744260914566,Critical,Plan bearing replacement and immediate inspection
4,2003-11-21 21:06:56,0.1712641163783516,0.1274819925883215,5.168758708817819,0.0728364307215429,1.257,7.344179409267191,98.55,60.00045504584595,Critical,Plan bearing replacement and immediate inspection
4,2003-11-21 21:36:56,0.173520312545303,0.1310029659645496,5.4181782445167865,0.0811483462858751,1.3145,7.582187118787862,98.05,64.67443742222686,Critical,Plan bearing replacement and immediate inspection
4,2003-11-21 21:46:56,0.1857215726332667,0.145077815013986,12.190669769946942,0.0249662716195032,1.9175,10.3342822308315,97.88333333333334,66.27033593273237,Critical,Plan bearing replacement and immediate inspection
4,2003-11-21 23:26:56,0.1884157951990566,0.1487701354422317,11.46480775978928,0.0577807927202077,2.0655,10.968115869104436,96.21666666666668,71.10542086502153,Critical,Plan bearing replacement and immediate inspection
4,2003-11-21 23:46:56,0.1817645192228277,0.1413176250741525,8.795679135084507,0.09092488627103,1.8545,10.20238619325542,95.88333333333334,61.10876995219255,Critical,Plan bearing replacement and immediate inspection
4,2003-11-21 23:56:56,0.1845030883089741,0.1442706579259205,11.619253781705574,-0.1729877744286328,2.528,13.699743797624029,95.71666666666668,67.67684659884094,Critical,Plan bearing replacement and immediate inspection
4,2003-11-22 00:56:56,0.1878347714036506,0.1500261425324197,7.430180679049846,0.2173455757538799,1.7225,9.172512967657925,94.71666666666668,71.1767985649079,Critical,Plan bearing replacement and immediate inspection
4,2003-11-22 01:26:56,0.1856879865308156,0.1470495370776732,7.523945202023447,0.1641410814996216,1.5785,8.491629173062691,94.21666666666668,69.16199403775275,Critical,Plan bearing replacement and immediate inspection
4,2003-11-22 02:36:56,0.2002397326583872,0.1644474070769444,32.86787759218238,0.7445025433827994,2.9395,14.664071889782283,93.05,72.08297438091134,Critical,Plan bearing replacement and immediate inspection
4,2003-11-22 02:46:56,0.1976597494219175,0.1612116412393225,23.10359164978277,-0.0940546816881589,2.8515,14.41152275609929,92.88333333333334,73.41810734713356,Critical,Plan bearing replacement and immediate inspection
4,2003-11-22 02:56:56,0.1957515632854846,0.1570648118040008,12.573425859483196,-0.2767243420621307,1.9395,9.90732547512626,92.71666666666668,73.21128532054648,Critical,Plan bearing replacement and immediate inspection
4,2003-11-22 03:26:56,0.2077486792706129,0.1724520213381338,42.48651659789523,-0.6154291363597241,3.7125,17.85225020695757,92.21666666666668,73.41810734713356,Critical,Plan bearing replacement and immediate inspection
4,2003-11-22 03:46:56,0.1910559769878292,0.1528342199072872,13.735483965189786,-0.1168417264180844,2.305,12.065165014969718,91.88333333333334,72.51193153113013,Critical,Plan bearing replacement and immediate inspection
4,2003-11-22 04:06:56,0.1972390316532382,0.1601881286343842,17.2790986405965,-0.0408980447738298,2.3165,11.745519673531636,91.55,73.41810734713356,Critical,Plan bearing replacement and immediate inspection
4,2003-11-22 04:36:56,0.1913840263267273,0.1532773776342364,10.453982142496129,-0.0613592094056857,2.067,10.800133691893963,91.05,72.05565739851092,Critical,Plan bearing replacement and immediate inspection
4,2003-11-22 05:26:56,0.1877362797604558,0.148824197858436,5.199143927511228,0.1175227039430737,1.5295,8.139350533468358,90.21666666666668,70.5938932184266,Critical,Plan bearing replacement and immediate inspection
4,2003-11-22 06:56:56,0.1936244469929094,0.1552636172742962,14.519845170892449,-0.1366392562871986,2.6405000000000003,13.626996212939233,88.71666666666667,72.05565739851092,Critical,Plan bearing replacement and immediate inspection
4,2003-11-22 08:06:56,0.1899259648257223,0.1516409253672928,6.405828840941775,-0.0813543692120992,1.782,9.382899093778796,87.55,72.51193153113013,Critical,Plan bearing replacement and immediate inspection
4,2003-11-22 08:36:56,0.1896420284822446,0.1516596794689283,7.322180930250939,0.0377689136735343,1.6469999999999998,8.675655303702305,87.05,71.10542086502153,Critical,Plan bearing replacement and immediate inspection
4,2003-11-22 10:56:56,0.1900056868324782,0.1507598263976703,10.13641939264087,0.2265761031637643,2.192,11.540999046929963,84.71666666666667,71.1767985649079,Critical,Plan bearing replacement and immediate inspection
4,2003-11-22 11:26:56,0.1855394210084571,0.1472084326865106,5.852496704462385,-0.0731909504755596,2.135,11.53001477192636,84.21666666666667,70.49712700397495,Critical,Plan bearing replacement and immediate inspection
4,2003-11-22 13:06:56,0.1909359883379051,0.1528208710334688,5.238453236924944,-0.0146980506667636,1.9815,10.34812252118909,82.55,71.96080928947941,Critical,Plan bearing replacement and immediate inspection
4,2003-11-22 13:26:56,0.1893170258315357,0.1506360592377359,2.238602367253829,0.0400516636902397,1.106,5.8415679062914485,82.21666666666667,70.52251551854023,Critical,Plan bearing replacement and immediate inspection
4,2003-11-22 13:46:56,0.1822589680439337,0.1417781702139249,2.3125408741931475,0.0361827149592815,1.222,6.712166648246235,81.88333333333334,60.45448690582486,Critical,Plan bearing replacement and immediate inspection
4,2003-11-22 14:06:56,0.1834147748091972,0.1438579834552798,2.244793244806757,-0.0257918140893513,1.372,7.493998720198748,81.55,57.384074407830425,Critical,Plan bearing replacement and immediate inspection
4,2003-11-22 15:06:56,0.1836767802311431,0.1434906225689606,2.116293570489192,0.0647486877794643,1.039,5.657720045760504,80.55,63.57886958009373,Critical,Plan bearing replacement and immediate inspection
4,2003-11-22 16:26:56,0.1808961363623598,0.139225200241399,1.8388962864530969,0.0537347751683673,1.04,5.752703270854623,79.21666666666667,60.45448690582486,Critical,Plan bearing replacement and immediate inspection
4,2003-11-22 16:46:56,0.1800405690106609,0.1387090647247423,1.90902695991178,-0.0082695479038042,1.0655,5.91854960941256,78.88333333333334,70.03735751048214,Critical,Plan bearing replacement and immediate inspection
4,2003-11-22 17:06:56,0.1785364922172802,0.1369943902039642,2.1368335910252365,-0.0241795853109873,1.144,6.39795304576821,78.55,56.823333175728806,Critical,Plan bearing replacement and immediate inspection
4,2003-11-22 17:26:56,0.1773390373224645,0.1346750320478879,1.910133010092346,0.0086549330717238,1.013,5.710660000647732,78.21666666666667,61.54621220358448,Critical,Plan bearing replacement and immediate inspection
4,2003-11-22 18:16:56,0.1773379919468915,0.1359147061578384,1.8022088497421256,-0.0146203132814147,0.9695,5.466718918787872,77.38333333333334,61.12255577570761,Critical,Plan bearing replacement and immediate inspection
4,2003-11-22 23:14:58,0.1720843485978086,0.1372631009280949,1.6692397347401249,0.0007198516515205,0.852,4.955837061823631,72.4161111111111,52.20923495008044,Critical,Plan bearing replacement and immediate inspection
4,2003-11-22 23:16:56,0.1829994080789821,0.1394722448168981,1.5396599510751114,0.0027272210486711,0.9605,5.246392305500603,72.38333333333334,57.86829718145222,Critical,Plan bearing replacement and immediate inspection
4,2003-11-23 00:06:56,0.1855596172733488,0.1448351281842808,1.6592081195119237,-0.0077324799026037,0.9645,5.202277347569723,71.55,71.15697763914565,Critical,Plan bearing replacement and immediate inspection
4,2003-11-23 00:56:56,0.183217844118819,0.1432050550877341,1.757968646018862,-0.0207543992615075,0.928,5.066234169488812,70.71666666666667,54.12750306907432,Critical,Plan bearing replacement and immediate inspection
4,2003-11-23 01:06:56,0.1835634331118396,0.1435200121000598,1.7691387617383838,0.0060093777470301,1.035,5.638617151158433,70.55,64.20064018894931,Critical,Plan bearing replacement and immediate inspection
4,2003-11-23 02:16:56,0.184604240828154,0.1446864333802032,1.7542600944225404,0.0040586118975091,0.99,5.361779163825926,69.38333333333334,64.18392032023043,Critical,Plan bearing replacement and immediate inspection
4,2003-11-23 03:06:56,0.1813926214377035,0.1420490124735599,1.9904418486665716,0.0256469122481683,0.956,5.269708717123524,68.55,58.34562454168817,Critical,Plan bearing replacement and immediate inspection
4,2003-11-23 03:56:56,0.1848329399281423,0.1449231297519124,1.8423352253173737,0.053686700155991,0.952,5.15063153269526,67.71666666666667,52.733439435117866,Critical,Plan bearing replacement and immediate inspection
4,2003-11-23 04:56:56,0.1802538523959966,0.1396194504338065,1.7255988951361978,-0.0453011254894328,0.9325,5.174412308077369,66.71666666666667,58.83035347852287,Critical,Plan bearing replacement and immediate inspection
4,2003-11-23 05:16:56,0.1863280468689122,0.1460204461520078,2.093071545038572,0.03380425304517,1.084,5.805370199039426,66.38333333333334,68.50771099138501,Critical,Plan bearing replacement and immediate inspection
4,2003-11-23 06:06:56,0.1855639822631329,0.1463972538350291,1.840066040542481,0.0417713903814922,1.0705,5.770861920147944,65.55,68.50771099138501,Critical,Plan bearing replacement and immediate inspection
4,2003-11-23 06:36:56,0.1819207199984673,0.1419220017875574,1.8735368622296744,0.0391519020502815,1.012,5.568850894615917,65.05,60.002659865454994,Critical,Plan bearing replacement and immediate inspection
4,2003-11-23 06:56:56,0.183599576617734,0.1437502502169818,2.0027649624256587,0.04936396708052,1.0365,5.636404498784437,64.71666666666667,63.57886958009373,Critical,Plan bearing replacement and immediate inspection
4,2003-11-23 07:56:56,0.1822424321217424,0.1421157593440515,2.20377106307461,0.0562577640962965,1.079,5.917373603254042,63.71666666666667,60.45448690582486,Critical,Plan bearing replacement and immediate inspection
4,2003-11-23 08:06:56,0.1778632471836667,0.1402955647226075,1.9917140873162051,0.0334740108136997,1.074,6.049155773965561,63.55,60.45448690582486,Critical,Plan bearing replacement and immediate inspection
4,2003-11-23 10:36:56,0.1821064868865123,0.1421297203019104,1.817248591884052,0.0026282372174593,0.9255,5.0828429168683655,61.05,68.23178196637033,Critical,Plan bearing replacement and immediate inspection
4,2003-11-23 11:46:56,0.1802409992564512,0.1383570897869137,1.8500428416289472,0.0080563963272348,0.9035,5.013589114786011,59.88333333333333,55.633722103416815,Critical,Plan bearing replacement and immediate inspection
4,2003-11-23 12:26:56,0.1793192839285248,0.1379012699304885,1.56383187786947,-0.029740112435301,0.884,4.933369431335483,59.21666666666667,51.6371915669137,Critical,Plan bearing replacement and immediate inspection
4,2003-11-23 12:46:56,0.183575467201314,0.1427988173284058,2.032989460957645,0.0271565779451359,1.04,5.6474511303040185,58.88333333333333,63.018128347992096,Critical,Plan bearing replacement and immediate inspection
4,2003-11-23 13:06:56,0.1837748156443659,0.1427586820231304,1.8889809427538624,0.0035262534295252,0.978,5.328721528356599,58.55,62.43639981124538,Critical,Plan bearing replacement and immediate inspection
4,2003-11-23 13:36:56,0.1815644171707019,0.1409986452350134,1.6091875141939171,0.0384378502506183,1.017,5.6033672561068855,58.05,55.78665526939405,Critical,Plan bearing replacement and immediate inspection
4,2003-11-23 14:46:56,0.1817556046181341,0.1402154996636034,1.82376959257988,-0.0100108060190376,0.9435,5.19727932729246,56.88333333333333,60.387302181214686,Critical,Plan bearing replacement and immediate inspection
4,2003-11-23 14:56:56,0.1784165325130019,0.1365712996901454,1.6697806907287225,0.0169475611445936,0.858,4.8108553047142735,56.71666666666667,50.25097191862588,Critical,Plan bearing replacement and immediate inspection
4,2003-11-23 15:56:56,0.1795011173376064,0.1384423090278927,1.5374031403789234,0.0627930374401519,0.828,4.613351098507454,55.71666666666667,47.96670822397677,Critical,Plan bearing replacement and immediate inspection
4,2003-11-23 20:01:24,0.1754926931038382,0.1332894012378933,1.517396836293281,-0.0249832891253641,1.007,5.735641574199287,51.64222222222222,54.36704494773302,Critical,Plan bearing replacement and immediate inspection
4,2003-11-23 20:11:24,0.1759811876574782,0.1320363124961628,1.277902132669816,0.0096493071695728,0.7875000000000001,4.475192582592751,51.47555555555556,36.7413726063849,Critical,Plan bearing replacement and immediate inspection
4,2003-11-24 00:51:24,0.1700458540188444,0.1259496731968615,1.3229150470116575,-0.0147642110001484,0.886,5.218131466091947,46.80888888888889,62.50187182813052,Critical,Plan bearing replacement and immediate inspection
4,2003-11-24 01:41:24,0.1722933375688963,0.1289381378958214,1.4163441360675786,-0.0044125453632077,0.8445,4.891410503032182,45.97555555555556,52.78450633000934,Critical,Plan bearing replacement and immediate inspection
4,2003-11-24 03:11:24,0.170334612487206,0.1260158997195334,1.4605615549832898,-0.0032662274323015,0.9275,5.4378318883186765,44.47555555555556,66.87640340170124,Critical,Plan bearing replacement and immediate inspection
4,2003-11-24 03:31:24,0.1716351760213038,0.1277649884269637,1.3573836618220891,-0.0247993932342968,0.902,5.246625471383421,44.14222222222222,55.6428229979432,Critical,Plan bearing replacement and immediate inspection
4,2003-11-24 03:51:24,0.1685893782559339,0.1253351564282744,1.5776641529732789,0.0172395896811505,0.87,5.145368648582716,43.80888888888889,69.15432460507743,Critical,Plan bearing replacement and immediate inspection
4,2003-11-24 06:21:24,0.1748666959585777,0.1299981733713231,1.496434464880903,0.0130014639932794,0.8775,5.00557739726283,41.30888888888889,52.57912228141184,Critical,Plan bearing replacement and immediate inspection
4,2003-11-24 06:31:24,0.1732424242566262,0.1305279701615214,1.398211738550852,0.0886438736987078,0.8325,4.79408913890215,41.14222222222222,44.41894027535778,Critical,Plan bearing replacement and immediate inspection
4,2003-11-24 06:51:24,0.1707529008488453,0.1268883750226289,1.2668473761860055,0.0163873750081377,0.7995,4.679792585964132,40.80888888888889,50.23220222371607,Critical,Plan bearing replacement and immediate inspection
4,2003-11-24 08:31:24,0.1742970930388774,0.1313422747934615,1.087883415087867,0.051348388179835,0.7995,4.589633920997903,39.14222222222222,43.48519029923976,Critical,Plan bearing replacement and immediate inspection
4,2003-11-24 08:51:24,0.1737804678003506,0.13068381100634,1.451976518157062,-0.0139474686965211,0.8340000000000001,4.795172515463572,38.80888888888889,51.94326619442429,Critical,Plan bearing replacement and immediate inspection
4,2003-11-24 09:11:24,0.1721251635204966,0.1276791759240406,1.3770988749831536,0.0110126064644536,0.837,4.8589957918369535,38.47555555555556,50.21838709483497,Critical,Plan bearing replacement and immediate inspection
4,2003-11-24 10:51:24,0.1763013890437293,0.1318788723085323,1.244980396495996,0.0140512506782596,0.7885,4.46922941657985,36.80888888888889,35.560551633746115,Critical,Plan bearing replacement and immediate inspection
4,2003-11-24 12:53:55,0.1757735157370263,0.133386770808168,1.3805626602194687,0.0118957955305341,0.847,4.81955570348986,34.76694444444445,43.26879159427104,Critical,Plan bearing replacement and immediate inspection
4,2003-11-24 13:37:32,0.1761562829740139,0.1337318705991244,1.518266729580691,0.0900431054877931,0.7815,4.432250083696834,34.04,41.47288692560661,Critical,Plan bearing replacement and immediate inspection
4,2003-11-24 13:57:32,0.1725242502530957,0.1290987836308323,1.2661889581399963,0.0309366877401141,0.768,4.4507202790297065,33.70666666666666,43.78235723369141,Critical,Plan bearing replacement and immediate inspection
4,2003-11-24 14:17:32,0.1744081631684116,0.1320514485440707,1.4328900267313465,0.1308325046385915,0.8095,4.635506666213223,33.373333333333335,12.915750401131776,Critical,Plan bearing replacement and immediate inspection
4,2003-11-24 15:57:32,0.1778220928761778,0.1357873010728738,1.2282414686714227,0.0211695703812163,0.889,4.991893024061827,31.706666666666667,34.78291177767051,Critical,Plan bearing replacement and immediate inspection
4,2003-11-24 16:07:32,0.1735622189191686,0.1300765135900624,1.3376044052076477,0.0226399493910304,0.859,4.955145565796845,31.54,41.026483897433,Critical,Plan bearing replacement and immediate inspection
4,2003-11-24 16:37:32,0.176571080313163,0.1342159871164372,1.6546533198411422,0.0121727307682113,0.9195,5.199644634607035,31.04,56.70389471955295,Critical,Plan bearing replacement and immediate inspection
4,2003-11-24 17:47:32,0.1741583177990222,0.1313673943966682,1.294454901813625,0.0337308592468045,0.7825,4.4815441690918885,29.87333333333333,33.77902634696228,Critical,Plan bearing replacement and immediate inspection
4,2003-11-24 18:07:32,0.1747554462875585,0.1321180798087095,1.140562032189441,0.0520649625276098,0.812,4.642235864597351,29.54,35.3289615769133,Critical,Plan bearing replacement and immediate inspection
4,2003-11-24 19:07:32,0.1711651236330308,0.1275026246013537,1.1644249597554528,0.0001357662339715,0.8069999999999999,4.71663135527343,28.54,52.302866249444456,Critical,Plan bearing replacement and immediate inspection
4,2003-11-24 19:37:32,0.1729437104874592,0.1296652675958105,1.1946345001565244,0.0059492337289671,0.7845,4.536207404076366,28.04,50.91756798690887,Critical,Plan bearing replacement and immediate inspection
4,2003-11-24 19:57:32,0.1769956838103755,0.1343050400585599,1.154103749135173,0.0239150597207962,0.8165,4.610809565992662,27.706666666666667,29.782305227315373,Critical,Plan bearing replacement and immediate inspection
4,2003-11-24 20:07:32,0.1781250533782166,0.1356711612667973,1.3013538151772337,0.0133666922559015,0.8545,4.794901790673286,27.54,37.7100385575752,Critical,Plan bearing replacement and immediate inspection
4,2003-11-24 21:27:32,0.1765349162332372,0.1355124567537093,1.2615416158656043,0.01029353510438,0.941,5.324706771380943,26.206666666666667,43.05956828077671,Critical,Plan bearing replacement and immediate inspection
4,2003-11-24 22:57:32,0.1769885164225439,0.1348133996541617,1.1002521809465238,0.0070543148134235,0.957,5.400041687529894,24.706666666666667,46.30901694560296,Critical,Plan bearing replacement and immediate inspection
4,2003-11-24 23:17:32,0.17978102763127,0.1381747343427198,1.0485407777997255,0.0740504926540991,0.856,4.756849256300828,24.37333333333333,32.06128587189739,Critical,Plan bearing replacement and immediate inspection
4,2003-11-25 10:47:32,0.1855732608053998,0.1464036243287767,0.9351709459469691,0.0087460096125065,0.858,4.623628085422345,12.873333333333331,41.66221564215761,Critical,Plan bearing replacement and immediate inspection
4,2003-11-25 11:17:32,0.1871037741758348,0.1479404249507336,0.7719065002770806,0.0099486792166787,0.7929999999999999,4.239944653678053,12.373333333333331,22.84396780818337,Critical,Plan bearing replacement and immediate inspection
4,2003-11-25 11:47:32,0.1927918607844364,0.1547963174168429,0.7209198242180963,0.0063663342296893,0.8434999999999999,4.379276870629762,11.873333333333331,21.09387139065915,Critical,Plan bearing replacement and immediate inspection
4,2003-11-25 12:27:32,0.192209561266308,0.15548941172432,0.6510293662874092,-0.0248236322823911,0.8300000000000001,4.316277998391714,11.206666666666669,15.803515911242696,Critical,Plan bearing replacement and immediate inspection
4,2003-11-25 13:17:32,0.1921489520385355,0.1539170352882674,0.6802838051846913,0.0091551736392241,0.802,4.170358704614592,10.373333333333331,17.45419211090831,Critical,Plan bearing replacement and immediate inspection
4,2003-11-25 23:39:56,0.2195519102288881,0.1868992205745713,0.6056981625089659,0.016693356246003,0.9595,4.364575671991217,0.0,-5.361605869845426,Critical,Plan bearing replacement and immediate inspection
